Name,Betweenness,Degree,Closeness,EigenValueC,Khatz,ClusteringCoef,Label
4EBP1,0.0010813366622373,0.0092592592592592,0.3308823529411764,0.0029812900612812,0.0287795864934724,0.0,0
AKT1,0.0162315352270118,0.0685185185185185,0.4179566563467492,0.0419308956473317,0.1453565935844632,0.0795795795795795,1
CCND1,0.0139076153307772,0.0555555555555555,0.4157043879907621,0.0311678931387861,-0.0213851344385764,0.135632183908046,1
EIF4E,0.003297651763436,0.0166666666666666,0.3302752293577982,0.0033522826420363,0.016082866996741,0.0277777777777777,1
MAPK14,0.0169936983423107,0.0648148148148148,0.4144282425172678,0.0326045932999114,0.0611816992571822,0.1025210084033613,1
TFDP1,4.455797798589459e-05,0.0055555555555555,0.2861685214626391,0.000642250639491,-0.0001741969485723,0.3333333333333333,0
14-3-3-zeta,0.0026972350391059,0.024074074074074,0.3739612188365651,0.0151485015562901,0.0641837246731078,0.1153846153846153,0
BAD,0.002945633842639,0.0222222222222222,0.3571428571428571,0.0129367573808125,0.1233292573852817,0.2575757575757575,0
CDC25A,0.0173064029385171,0.0722222222222222,0.4118993135011441,0.0519548065737003,0.0143754489323104,0.1997300944669365,1
CDC25B,0.0005409850504917,0.0129629629629629,0.3435114503816794,0.0111012399405184,0.0004898902337636,0.1904761904761904,0
CSNK1A1,0.0016016973890308,0.0166666666666666,0.3156049094097019,0.0020793122293826,0.0098605909950586,0.1388888888888889,0
CTNNB1,0.0324187391360868,0.0833333333333333,0.4383116883116883,0.053897357571386,-0.1763031042346077,0.1161616161616161,1
FOXO4,0.0022879985629436,0.0185185185185185,0.36,0.0103253912082402,-0.027686620662895,0.2222222222222222,0
KRT18,0.010555372880668,0.0277777777777777,0.3832505322924059,0.0264936590056575,0.0701423270863585,0.2761904761904762,1
MST1R,0.001470320693543,0.0574074074074074,0.3997039230199852,0.105743448769574,0.0152607160508656,0.6344086021505376,0
PIK3R1,0.0006881864610297,0.0185185185185185,0.3280680437424058,0.0077726734439277,0.0569915406853948,0.0444444444444444,1
PRKCA,0.011372935582959,0.0666666666666666,0.4112718964204113,0.0679850881253431,0.1184974482654903,0.1857142857142857,1
RAF1,0.02926679717849,0.1203703703703703,0.4448105436573311,0.1218310874250936,0.1825976584780858,0.1850961538461538,1
RAN,0.0173952735444664,0.0648148148148148,0.4186046511627907,0.0433442446650462,0.0221914634480213,0.1563025210084033,0
A20,0.0,0.0018518518518518,0.2439024390243902,7.896682570964782e-05,0.0111021036398422,0.0,0
G3BP2,0.004414030975853,0.0129629629629629,0.3223880597014925,0.0029056200455107,0.0242869999149356,0.0476190476190476,0
ABIN2,0.0013312201304204,0.0185185185185185,0.3602401601067378,0.0093114061667812,-0.0172317513676344,0.2222222222222222,0
FLNA,0.0006436151231946,0.0185185185185185,0.3638814016172507,0.022425450528459,-0.0240265564189733,0.3111111111111111,0
LYN,0.0197893594772126,0.1222222222222222,0.4354838709677419,0.16565694932948,-0.0494062685180358,0.3146853146853147,0
NFKB1,0.0119910593615124,0.0592592592592592,0.371900826446281,0.0097219101682118,-0.0273683586163734,0.0383064516129032,0
NFKB2,0.0098557451786484,0.0518518518518518,0.379746835443038,0.0135833734831606,-0.0476427485360685,0.1984126984126984,0
REL,0.0012689674384609,0.024074074074074,0.3417721518987341,0.0056412201414453,0.0268054676610213,0.2435897435897435,1
RELA,0.041944977337123,0.1074074074074074,0.4488778054862843,0.0666973375688904,0.1036192085739061,0.1258318209316394,1
RIPK1,0.0104315964874073,0.0666666666666666,0.3970588235294117,0.0265470130688892,-0.0975057822073962,0.1666666666666666,0
STK11,0.0001021917931956,0.0074074074074074,0.3117782909930716,0.0030215359853612,0.0114037680406493,0.0,1
TAB2,0.0069118451707497,0.0333333333333333,0.3614457831325301,0.0075215890138235,-0.0355721161941377,0.2352941176470588,0
TRAF2,0.0121258993743564,0.0611111111111111,0.3898916967509025,0.021801019435815,-0.1193581639444231,0.1231060606060606,0
ABL1,0.0152625976036798,0.1037037037037037,0.4289118347895155,0.1445982278746687,-0.0614318780561523,0.3474025974025974,1
APP,0.0025012810722284,0.024074074074074,0.3661016949152542,0.0206217118203354,-0.0397266353038373,0.141025641025641,0
BCAR1,0.0080761220241339,0.0851851851851851,0.4205607476635514,0.1269936127467028,-0.0417112230596939,0.3884057971014493,1
CBL,0.0151153793578789,0.1166666666666666,0.437956204379562,0.1621962694386179,-0.00629638270914,0.3456221198156682,0
CCNA2,0.0081722423911036,0.0462962962962963,0.3932993445010925,0.0188320787464178,-0.0773074479450042,0.1866666666666666,1
CDC42,0.0045706002653823,0.0481481481481481,0.3896103896103896,0.0409430500273482,0.0707138182777768,0.16,1
CRK,0.0045947420937203,0.0685185185185185,0.3927272727272727,0.1083973665226195,-0.0133140247434347,0.4504504504504504,0
CRKL,0.0114636901033215,0.1037037037037037,0.4309656823623304,0.1524420562161249,-0.0282031474120258,0.374025974025974,0
DOK1,0.0006008598469475,0.0462962962962963,0.3876525484565685,0.086990425059645,-0.0743825125875903,0.6666666666666666,0
FOS,0.0181045713704322,0.0851851851851851,0.4344328238133548,0.0613674666626473,0.0953627873899465,0.1884057971014492,1
FYN,0.0450400816272895,0.174074074074074,0.469157254561251,0.1950619824242426,0.0032886055987776,0.2081903454587051,1
GRB2,0.0165415589374246,0.1203703703703703,0.4289118347895155,0.1613574589375679,0.0765146970207878,0.3216346153846154,1
MDM2,0.0088610619591553,0.0407407407407407,0.3976435935198821,0.0244086361003476,0.0107194661503776,0.1212121212121212,1
MYC,0.0077291554951037,0.0425925925925925,0.3711340206185567,0.0162630696148832,0.0140157213273882,0.0948616600790513,0
NUP214,0.0013356579092491,0.0203703703703703,0.3706245710363761,0.0216378103860488,-0.0124336775312684,0.4,0
PLCG1,0.0018880030495043,0.05,0.381625441696113,0.0782240472394939,-0.0199786911574621,0.4814814814814814,0
PLSCR1,0.0,0.0037037037037037,0.3163444639718805,0.0074049818883608,0.0050080713365293,1.0,0
SHC1,0.0045130217908835,0.0555555555555555,0.3967670830271859,0.0980035520866481,-0.0042941182015374,0.5517241379310345,1
STAT5A,0.0409760332883805,0.1703703703703703,0.4778761061946903,0.194092825450615,0.0283855631323098,0.2078356426182513,1
TP53,0.0216007949558485,0.0814814814814814,0.4422604422604422,0.0555662413543064,-0.0036600104605247,0.168076109936575,1
ADAM10,0.0051378036075526,0.0333333333333333,0.3534031413612565,0.0114453317804955,-0.059492949727867,0.2091503267973856,0
ADAM17,0.0023658731400818,0.0203703703703703,0.3441682600382409,0.0110925733936614,-0.0160370776035822,0.2181818181818181,0
CD44,0.0088217255618184,0.0333333333333333,0.3857142857142857,0.0419151897888982,0.0181141620198848,0.2941176470588235,1
CDH1,0.0002157639384768,0.0092592592592592,0.3191489361702128,0.0024495928440785,-0.0032065936705565,0.1,1
DLL4,0.000185802328701,0.0148148148148148,0.3015075376884422,0.0016206132283124,-0.0355779577314427,0.3928571428571428,0
EGF,0.0043984473528199,0.0481481481481481,0.3713892709766162,0.0405232687426957,0.102176807137729,0.16,1
EGFR,0.0185398817216554,0.1203703703703703,0.4299363057324841,0.1551927758460494,0.0483074197673534,0.2951923076923077,1
FHL2,0.010330617354235,0.0388888888888888,0.3970588235294117,0.0211950395682853,-0.03779155787965,0.1523809523809524,0
FURIN,0.0,0.0037037037037037,0.2656173143138219,0.0006125187746064,0.0011204009152037,1.0,0
JAG1,0.0004514861868287,0.0166666666666666,0.3154205607476635,0.0028804549188784,-0.0433780174506911,0.4722222222222222,1
JAG2,0.0008582010462559,0.0222222222222222,0.3426395939086294,0.0093892590075552,-0.0550850821645021,0.3939393939393939,0
NOTCH1,0.006116413496758,0.0407407407407407,0.3402646502835538,0.0044223012690617,-0.0635165443700347,0.1255411255411255,0
NOTCH2,0.0074828141180497,0.0407407407407407,0.3765690376569037,0.0131250195422647,-0.1163272009077323,0.2294372294372294,1
NOTCH3,0.0009659367581515,0.024074074074074,0.3288672350791717,0.0046992983858838,-0.0692183331351236,0.3076923076923077,1
PSEN1,0.0083364965579313,0.0555555555555555,0.3938730853391685,0.0311459126978417,-0.109122600874599,0.1563218390804597,0
ERBB2,0.0133938520830175,0.0962962962962963,0.4272151898734177,0.1278714278080778,0.0247785549379592,0.3099547511312217,1
ADD1,0.0016839040824366,0.0296296296296296,0.3678474114441417,0.0387988489914064,0.0434694504066772,0.2583333333333333,0
BTK,0.0087085306199642,0.1018518518518518,0.4176334106728538,0.1509597189878718,-0.0654120431215903,0.4006734006734007,0
CSK,0.0095248563632242,0.1129629629629629,0.4313099041533546,0.1656123289967857,-0.061938416155286,0.3639344262295082,0
CSNK1E,0.0055402069813482,0.0222222222222222,0.358327803583278,0.0214891983698605,0.0007000829434682,0.1515151515151515,0
FGR,0.0048289781706054,0.1018518518518518,0.4153846153846154,0.1520998000431467,-0.0595861605043449,0.4087542087542087,0
HIPK2,0.0009414619340713,0.0166666666666666,0.3559657218193803,0.0103481353844657,-0.0140224690669767,0.2222222222222222,0
JAK1,0.0062319201834785,0.0833333333333333,0.4066265060240964,0.135996512120818,0.0165805447045738,0.494949494949495,1
LCK,0.0040240526872582,0.0888888888888888,0.418280402788536,0.1476202481906008,0.0004978311906076,0.5,0
PKN2,0.0005533230485131,0.0185185185185185,0.3663500678426051,0.0200548038341951,0.0256574312466349,0.2222222222222222,0
PRKCZ,0.004581415231374,0.0592592592592592,0.4115853658536585,0.0646316534620117,0.1246346948804624,0.25,0
TBK1,0.0006685069247282,0.0129629629629629,0.3426395939086294,0.01378500219665,0.033831649671236,0.1904761904761904,0
AES,0.0061482240803108,0.0203703703703703,0.3680981595092024,0.0093305867506479,-0.008399463890607,0.1636363636363636,0
AR,0.0434294605267406,0.0962962962962963,0.4530201342281879,0.0583865065001736,0.0325780577843771,0.1214177978883861,1
CTBP1,0.0034886755333962,0.037037037037037,0.3870967741935484,0.0282751732242341,-0.0187817253148672,0.3052631578947368,0
HDAC1,0.0427800494267956,0.1203703703703703,0.4568527918781725,0.0664993145919614,-0.0226365777446319,0.1495192307692307,1
LEF1,0.0010612727573633,0.0203703703703703,0.3696098562628336,0.0155965510485036,-0.0366372551801731,0.2909090909090909,1
PRMT1,0.0006858788627347,0.0055555555555555,0.2996670366259711,0.0018640725566511,0.0104852209483735,0.0,0
TLE1,0.0,0.0018518518518518,0.2691924227318046,0.0002535798921285,0.007833457259288,0.0,0
AIP4,0.0023590012656507,0.0222222222222222,0.3713892709766162,0.022360716205594,0.0018291532943467,0.1666666666666666,0
ARRB1,0.0001577704888354,0.0092592592592592,0.3146853146853147,0.0025781632454279,0.0169824140810523,0.1,0
ARRB2,0.0034745830222109,0.024074074074074,0.3742203742203742,0.0143140031141143,0.0557596965791315,0.0769230769230769,0
HGS,0.0106199823378456,0.0462962962962963,0.3896103896103896,0.0332153398686561,0.0265333826902638,0.1433333333333333,0
JUNB,0.0039415354634464,0.0425925925925925,0.3961848862802641,0.0326430351379318,0.0246736689011236,0.2727272727272727,0
KIT,0.0113608157707179,0.1111111111111111,0.4393816110659072,0.1618929747327923,-0.0386344593378295,0.3694915254237288,1
MET,0.0038777147770419,0.074074074074074,0.4014869888475836,0.1250612012674593,-0.0225491661487644,0.5371794871794872,1
NUMB,0.000384768751201,0.0092592592592592,0.3075170842824601,0.0018357580253636,0.0139542831866693,0.0,0
SMAD3,0.054484255389656,0.1722222222222222,0.4817127564674398,0.1103019738453221,-0.0639615743466094,0.1192145862552594,1
SMAD7,0.0021169387870387,0.024074074074074,0.3646185010128291,0.0156581842939446,-0.0165853560243396,0.2051282051282051,0
AKAP95,0.0001442855690611,0.0074074074074074,0.3298717165546732,0.0037667692276404,-0.000317968315627,0.0,0
CASP3,0.0137399649539991,0.0833333333333333,0.4147465437788018,0.0828657562096703,-0.0994531099899161,0.198989898989899,1
PRKAR2A,0.0030337391457729,0.024074074074074,0.3534031413612565,0.0083032573721508,0.0169088034613461,0.0512820512820512,0
CDC23,0.0097485595819522,0.0537037037037037,0.3890489913544668,0.0356232620843366,0.0433281879363364,0.229064039408867,0
NRAS,0.016396047071262,0.0685185185185185,0.4014869888475836,0.0461016754380029,0.2724573055797096,0.1361344537815126,1
PRKCI,0.0029075411018091,0.0481481481481481,0.4075471698113208,0.0484932469710483,0.1303749962519851,0.2184615384615384,0
STAT3,0.0222418863471074,0.1203703703703703,0.4584040747028862,0.1606051757496568,0.0477689041700989,0.2975961538461538,1
AML1,0.0016340715316118,0.0111111111111111,0.3016759776536313,0.0013595532965643,0.0189958773861327,0.1333333333333333,0
CTCF,0.0002724891033881,0.0055555555555555,0.3050847457627119,0.0018261238832243,0.003509232114164,0.3333333333333333,1
HAT1,0.0001233622966253,0.0055555555555555,0.2567760342368045,0.0001050361586063,0.0147448900804277,0.0,0
NCOR1,0.0057337127366095,0.0296296296296296,0.3585657370517928,0.0059003071043934,0.01019677829223,0.0916666666666666,1
PPP2CA,0.0075774662386041,0.0277777777777777,0.3742203742203742,0.0394983545783532,0.0269149414651148,0.3238095238095238,0
RUVBL1,0.0002549184454449,0.0092592592592592,0.2944383860414394,0.0005695554676233,0.020198611013853,0.2,0
TBP,0.0051162946260315,0.0296296296296296,0.3304773561811505,0.0021260008819148,0.0276602844120508,0.0833333333333333,1
ANAPC1,5.8444519819333816e-05,0.0074074074074074,0.2861685214626391,0.0012669019152757,-0.0013650355766987,0.8333333333333334,0
ANAPC10,4.065824186081016e-05,0.0074074074074074,0.2848101265822785,0.0008089203473784,-0.0135585578818244,0.8333333333333334,0
ANAPC2,0.0060736784039826,0.0351851851851851,0.3406940063091482,0.0051080357351632,-0.0664694027068895,0.2807017543859649,0
ANAPC4,0.0047226647754666,0.0333333333333333,0.3372891942535915,0.0050760104536883,-0.0636846195980969,0.3137254901960784,0
ANAPC5,0.0018647137544237,0.0148148148148148,0.3481624758220503,0.0106136441005924,-0.0320710161425489,0.3214285714285714,0
ANAPC7,0.0,0.0037037037037037,0.2543570419218087,0.0002767745912465,-0.0043419985821499,1.0,0
CCNB1,0.0131018299182534,0.0648148148148148,0.4090909090909091,0.0285416546847731,-0.0829543707014397,0.1142857142857142,1
CDC16,0.0094715844923211,0.037037037037037,0.3846153846153846,0.0183136417149788,-0.0908005574200464,0.2368421052631578,0
CDC27,6.31406187233347e-05,0.0092592592592592,0.2947598253275109,0.001578950790941,-0.0091972212905046,0.6,0
CDK2,0.0160894168319602,0.0777777777777777,0.4268774703557312,0.0509493370964072,-0.1556457492939733,0.2009291521486643,1
FZR1,0.0027178491495921,0.0351851851851851,0.3554970375246873,0.0103024303031406,-0.0755475367617555,0.3333333333333333,0
PSMB5,1.5252520600756122e-05,0.0092592592592592,0.2818371607515658,0.00063269721385,-0.017010109029812,0.8,0
PSMC2,0.0058373743343306,0.0351851851851851,0.3626595030221625,0.0087844407938908,-0.0464624179772354,0.3391812865497076,0
PSMC3,0.0006257985576803,0.0203703703703703,0.303030303030303,0.0011584355609696,-0.0228187318008894,0.5818181818181818,0
PSMD1,0.001200960436365,0.0222222222222222,0.313953488372093,0.0015807647515453,-0.0237244537796446,0.5454545454545454,0
PSMD12,0.006125803049491,0.0388888888888888,0.3457106274007682,0.0062601467835976,-0.0884584756232356,0.3095238095238095,0
PSMD13,0.0002733702077375,0.0222222222222222,0.3023516237402016,0.0013326664112166,-0.030706420869014,0.6363636363636364,0
UBE2E1,0.0020357816995287,0.0111111111111111,0.3406940063091482,0.0036413941542627,-0.0057763649631308,0.0666666666666666,0
SMAD1,0.0114879635966811,0.1,0.4316546762589928,0.0625572533771416,-0.1022546557026351,0.1516422082459818,0
SMAD2,0.0524305122924295,0.1814814814814815,0.4830053667262969,0.124701358483363,-0.0941235343690812,0.1310751104565537,1
TGFB1,0.0040849397431168,0.0462962962962963,0.391020999275887,0.042457175058572,-0.0585069492796815,0.3033333333333333,1
AO7,0.0006957771415676,0.0074074074074074,0.3174603174603174,0.0019452587256943,0.022704170759698,0.1666666666666666,0
CDC34,0.001281772994719,0.0148148148148148,0.336239103362391,0.00375574613129,0.0149646626256375,0.2142857142857142,0
RNF4,0.0003864897740429,0.0092592592592592,0.288153681963714,0.0004422501491227,0.0139539728622281,0.0,0
UBE2D1,0.0003381514671407,0.0092592592592592,0.296866410115448,0.0006813402323555,0.0077698270517215,0.0,0
APC,0.0145433120127666,0.0574074074074074,0.4035874439461883,0.0417001893613293,-0.0645319986312842,0.1268817204301075,0
APH1A,0.0011012681522659,0.0259259259259259,0.3339517625231911,0.0046743660580941,-0.0914780573085479,0.3516483516483517,0
PLD1,0.000678892069509,0.0148148148148148,0.3302752293577982,0.0067697242224744,0.0039368384385584,0.1428571428571428,0
PSEN2,0.0013860610988531,0.024074074074074,0.354796320630749,0.0128526698621455,-0.0740911077359613,0.3076923076923077,0
APH2,0.0004546155068298,0.0203703703703703,0.3288672350791717,0.004491704746792,-0.0744183616407708,0.4181818181818181,0
APPL2,0.0019378084513697,0.0185185185185185,0.3413400758533502,0.0058792529159904,0.035233412951648,0.2222222222222222,0
AKT2,0.0001415248255283,0.0092592592592592,0.3066439522998296,0.0027068465847818,0.0332510052314696,0.0,1
HDAC2,0.0149943788975123,0.074074074074074,0.4316546762589928,0.0433814530433669,-0.026430004465337,0.1692307692307692,1
MTA2,0.0009843075592768,0.0148148148148148,0.3419886003799873,0.0053878425396056,0.0054572164719008,0.4642857142857143,0
PIK3CB,0.0008936166452071,0.0166666666666666,0.3648648648648648,0.0264652649659723,0.052770228055832,0.3333333333333333,0
RBBP7,0.0010271368490225,0.0092592592592592,0.289544235924933,0.0007547317301886,0.0163966000445849,0.3,0
APS,0.0023423403710537,0.0759259259259259,0.3991130820399113,0.1350900787846678,-0.0812900651537849,0.6109756097560975,0
CAMK2G,8.17341847245555e-05,0.0055555555555555,0.314868804664723,0.0083518106972184,-0.0012854501551557,0.3333333333333333,0
CAV1,0.0009265710026346,0.0333333333333333,0.3716448726772196,0.0574164598050916,-0.008843853339949,0.5163398692810458,1
CBLB,0.0027627581983759,0.0851851851851851,0.4041916167664671,0.1389694520169712,-0.0548900552488122,0.5101449275362319,0
GRAP,0.0065202019445734,0.074074074074074,0.400593471810089,0.1164263262800133,-0.0103649263883809,0.4576923076923077,0
GRB10,0.0076856706158439,0.0722222222222222,0.4023845007451564,0.1323782384870873,0.0156157465064127,0.6221322537112011,0
GRB7,0.0001196772849336,0.037037037037037,0.3701165181631254,0.0722139898254991,0.0039060273211569,0.7578947368421053,1
ITGB4,0.0004327926918618,0.0222222222222222,0.3486120077469335,0.0410772722376011,-0.0329291947659486,0.7424242424242424,0
NCK2,0.0039852430569564,0.074074074074074,0.4069329314242653,0.1334161092172674,-0.0370501195426787,0.5602564102564103,0
PIK3R2,0.0021842405659029,0.0833333333333333,0.4147465437788018,0.1498482418538245,-0.0337578517195112,0.5676767676767677,0
PTK2,0.0022485815688378,0.0648148148148148,0.3915881073241479,0.1198745787826982,-0.031669925132585,0.653781512605042,1
PTK6,0.0006107119197938,0.0685185185185185,0.3904555314533622,0.1274837971528093,-0.0356836671791393,0.6906906906906907,0
SNCA,0.0026962671850047,0.0425925925925925,0.3970588235294117,0.0617751701397387,0.0169073680926451,0.3596837944664031,0
SOCS3,0.0012261386750966,0.0592592592592592,0.391304347826087,0.1095174656010822,-0.0088134078271268,0.655241935483871,0
STAT1,0.0307881493801886,0.1703703703703703,0.4795737122557726,0.194660658815795,-0.0268367420078054,0.2243191591017678,1
STAT2,0.0020707541099919,0.0537037037037037,0.4047976011994003,0.0930055599280761,-0.0456425327569526,0.5246305418719212,0
TEC,0.0062506733749512,0.1,0.4245283018867924,0.1567665848344548,-0.0107448115784284,0.4213836477987421,0
WASL,0.0068420338112672,0.0851851851851851,0.4072398190045249,0.1109088466891042,-0.0021836540301969,0.3169082125603865,0
BAG1,0.0002865183063133,0.0074074074074074,0.3316953316953317,0.003511092987495,0.0151458285455507,0.1666666666666666,0
BRCA1,0.0290451687749137,0.074074074074074,0.435132957292506,0.0627093197735238,-0.0587770879649312,0.2192307692307692,1
NCOA2,0.0007432930882137,0.0111111111111111,0.3333333333333333,0.0035802546294783,0.0203753054588539,0.1333333333333333,0
NCOA3,0.0051111244145052,0.0444444444444444,0.3982300884955752,0.0285082266678828,0.0355909806192851,0.2318840579710145,1
SP1,0.0130970331684365,0.0648148148148148,0.4163454124903624,0.0385098445721732,-0.0025516150893088,0.1949579831932773,1
UXT,4.4190743567556135e-05,0.0037037037037037,0.3157894736842105,0.0017889784312833,0.0147129402837358,0.0,0
ARA54,0.0031363710443248,0.0222222222222222,0.3486120077469335,0.0069560506983452,0.0239918414882009,0.0909090909090909,0
ESR1,0.0071328702044991,0.0518518518518518,0.4208885424785659,0.0488516119248384,0.0479443986523231,0.2222222222222222,1
PIAS1,0.002705562912937,0.0296296296296296,0.3808180535966149,0.0223748925501273,0.0030705301449486,0.1833333333333333,0
SPDEF,5.732514702183591e-05,0.0074074074074074,0.2936378466557912,0.0014206194279316,0.0208535032118806,0.0,0
SVIL,0.0028006203244322,0.0222222222222222,0.3680981595092024,0.0209383111879332,0.0132810574505565,0.1666666666666666,0
UBE2L3,0.0004186226561287,0.0092592592592592,0.2936378466557912,0.0007085356430401,0.0032757045859598,0.0,0
ARA55,0.0089297895677135,0.0388888888888888,0.3924418604651162,0.0335900543911843,0.0187181826085726,0.1428571428571428,0
GIT1,0.0019877612323537,0.024074074074074,0.3686006825938566,0.0202749860904357,-0.0125699324550831,0.1666666666666666,0
PAK1,0.0027951810016239,0.0351851851851851,0.3781512605042016,0.0267052928426577,0.0723940168072311,0.1578947368421052,0
PTPN12,0.0006514446792098,0.0296296296296296,0.3734439834024896,0.0549272666422281,-0.0062079105651882,0.575,0
PXN,0.0001006106411395,0.0092592592592592,0.3069926094371802,0.0040306846279465,0.0316941783373009,0.1,1
RHOA,0.0022114667653612,0.0296296296296296,0.3698630136986301,0.0202000520869997,0.0263823106380048,0.175,1
TGFBR2,0.002439304871463,0.0277777777777777,0.3729281767955801,0.0240159650982052,-0.0496394122166501,0.3809523809523809,1
TRAF4,0.0,0.0018518518518518,0.2819843342036554,0.0009128860377956,0.0105452219092059,0.0,0
ARA70,0.0015734531664212,0.0185185185185185,0.3529411764705882,0.0075531692093039,0.061483462333701,0.1333333333333333,0
HRAS,0.0009714005285563,0.0203703703703703,0.3253012048192771,0.0055957851289164,0.1006200725281653,0.1272727272727272,1
ARA160,0.0005602523259309,0.0111111111111111,0.3349875930521092,0.0041730596812361,0.0176075092048446,0.1333333333333333,0
SMARCA4,0.0042432022102797,0.0277777777777777,0.3522504892367906,0.0068283145099393,0.0484390588553812,0.1047619047619047,0
ARAF1,0.0001872819144346,0.0111111111111111,0.3110599078341013,0.0043865988442826,0.0743107544682046,0.2,0
PRKCB,0.0015863062479934,0.0296296296296296,0.3527106466361855,0.0228461425965761,0.0715593831129402,0.1583333333333333,0
PRKCD,0.0003739371196454,0.0129629629629629,0.3372891942535915,0.0111055225141371,0.0362477580268585,0.0952380952380952,0
ARF4,0.0003725140229386,0.0074074074074074,0.2870813397129186,0.0016304105016132,0.0068649562081332,0.0,0
PLD2,0.0075162303025605,0.0314814814814814,0.3765690376569037,0.0377808076011957,-0.0233474971749262,0.2352941176470588,0
ARNIP,0.0007234451465251,0.0166666666666666,0.3430749682337992,0.0086065539315685,0.0413852376630949,0.0277777777777777,0
DVL3,0.0024298556976063,0.0166666666666666,0.3499675955930006,0.006340392736223,0.0103813243247295,0.1666666666666666,0
ASE1,0.0003855593756875,0.0092592592592592,0.3182086034177961,0.0019884694724888,-0.0163328782581278,0.2,0
ATF1,0.0024070486549832,0.0333333333333333,0.3859899928520371,0.0269586666236445,0.0241085462669421,0.2875816993464052,0
CAPN3,0.0001252326062442,0.0055555555555555,0.3152364273204903,0.0028011233041388,0.0237591560969759,0.0,0
KPNA2,0.0028576659065078,0.0592592592592592,0.4103343465045592,0.049266591868096,-0.0099979531379599,0.2963709677419355,0
TCF3,0.0125212061528878,0.0722222222222222,0.4199066874027994,0.0563953773105715,-0.0218845227339127,0.2564102564102564,0
YY1,0.000275766215563,0.0148148148148148,0.3520208604954368,0.0082474900300048,0.0083155626688472,0.2857142857142857,0
ATF3,0.0001574997611151,0.0074074074074074,0.3308823529411764,0.0056000273323049,0.0363376572429491,0.3333333333333333,0
FOSB,3.076305387705492e-05,0.0092592592592592,0.3128621089223638,0.0035094237678224,0.0318988130906055,0.6,0
AXAM2,0.0014395052625805,0.0166666666666666,0.3304773561811505,0.0041189323561048,0.0139551726238889,0.1666666666666666,0
AXIN1,0.0032806913989734,0.0296296296296296,0.3808180535966149,0.0239233669338059,-0.0472374965428533,0.1666666666666666,1
DVL1,0.0157805546937626,0.0296296296296296,0.3529411764705882,0.0070033640186226,-0.0232196488453444,0.0833333333333333,0
KPNB1,0.0040493780812576,0.0333333333333333,0.3893294881038212,0.0260074326051483,0.0047616319080872,0.2091503267973856,0
NUP153,0.0027368797565102,0.037037037037037,0.3956043956043956,0.0337388130066795,0.013769470047215,0.2,0
PML,0.0011128783493955,0.0111111111111111,0.3310852237890864,0.0035269705816849,0.0082501253368844,0.2,0
SUMO1,0.0070547290029475,0.0259259259259259,0.3366583541147132,0.0040742173457418,0.0400407729583347,0.0879120879120879,0
SUMO2,0.0014709397785051,0.0185185185185185,0.3337453646477132,0.0035991759344361,0.0238800471203277,0.1333333333333333,0
JUP,0.0036706002181275,0.0351851851851851,0.3898916967509025,0.0326162971478377,-0.0332721033594511,0.1871345029239766,0
TGFBR1,0.0089350883611722,0.0777777777777777,0.422866092404072,0.0607500002936936,-0.0541063383668301,0.1997677119628339,1
BAF53A,0.0022549453424282,0.0166666666666666,0.3126809496236248,0.0017505679062005,0.0253223868900723,0.2222222222222222,0
SMARCB1,0.0023973732177172,0.0259259259259259,0.35667107001321,0.0062569037946136,0.0144468754611746,0.2307692307692307,0
SMARCC1,0.0021404933088125,0.0314814814814814,0.3511053315994798,0.0094895593999461,0.0076880364290934,0.125,0
SMARCC2,0.0004397616479429,0.0148148148148148,0.3178340200117716,0.0018920957376848,0.0238495134161931,0.3214285714285714,0
SMARCE1,0.0004028694169282,0.0074074074074074,0.3197158081705151,0.0020700915056238,0.0098260683831683,0.3333333333333333,0
HSPA8,0.0062798271994925,0.0444444444444444,0.3976435935198821,0.045062566400877,0.0435794673120814,0.1775362318840579,0
CASP8,0.0035448363952576,0.0388888888888888,0.3760445682451253,0.0290374973893251,-0.0853162731713819,0.3380952380952381,1
CDC2,0.0009263016990269,0.0259259259259259,0.3800140745953554,0.0346068196121807,-0.064436385750904,0.3626373626373626,0
SNX2,8.410368290126369e-05,0.0074074074074074,0.314502038439138,0.0083179300145377,0.0087419745535817,0.1666666666666666,0
BCL3,0.0008980657527739,0.0148148148148148,0.3366583541147132,0.0040600907533684,0.0120999381867613,0.4642857142857143,0
RELB,0.0110379519016648,0.05,0.3932993445010925,0.0365914206145377,0.0427046748737858,0.2222222222222222,0
BCL7A,0.0037119383237594,0.0055555555555555,0.2980132450331126,0.0016938569522552,0.0082925523637626,0.0,0
PDCD2,0.0,0.0018518518518518,0.2296894938324117,4.603441077317372e-05,0.0095026588847249,0.0,0
BP75,9.220704716176848e-05,0.0055555555555555,0.3035413153456998,0.0013321748795996,0.0016350372840208,0.0,0
CCNH,0.012022633889253,0.0333333333333333,0.380281690140845,0.0170387886561011,-0.0725765102490287,0.1699346405228758,0
PCAF,0.0041297096183364,0.0333333333333333,0.3870967741935484,0.0298531873086593,-0.0254674378063003,0.2679738562091503,0
BPAG1,0.0002516184223588,0.0074074074074074,0.3306797305572566,0.0043486584504637,-0.0021590687156956,0.0,0
HDAC6,0.0045573331267241,0.0166666666666666,0.3432930705657978,0.0036687568353937,0.0055447879701669,0.0555555555555555,0
CCNB2,0.0068234026649915,0.0481481481481481,0.3763066202090592,0.0199299663593599,-0.0797381649390374,0.2369230769230769,0
CDC25C,0.0067012109301676,0.0388888888888888,0.379746835443038,0.0207575071291792,-0.0260271833451624,0.2238095238095238,1
CDK4,0.0044680376033551,0.0444444444444444,0.3924418604651162,0.027323655834507,-0.0680859776386702,0.2826086956521739,1
POLR2H,0.0125371347743019,0.0148148148148148,0.3110599078341013,0.001907462782213,0.0115234598060481,0.1785714285714285,0
RBL1,0.0022123067623649,0.0388888888888888,0.3941605839416058,0.0301946103456917,-0.0727144172144206,0.3761904761904762,0
CASP7,0.0004058323744107,0.0111111111111111,0.3258901629450815,0.0114337314180766,-0.0281041820604931,0.3333333333333333,1
CASP9,0.0022621073860673,0.0388888888888888,0.3976435935198821,0.0399328709877409,-0.0556227214025336,0.3428571428571428,1
CDK7,0.0073232508210766,0.0351851851851851,0.3882099209202013,0.0175087803314233,-0.0615936935256496,0.2046783625730994,0
HES1,0.0078168890785941,0.0407407407407407,0.3846153846153846,0.0355948039949266,-0.0101027446467563,0.2294372294372294,0
SOCS5,1.025052045460209e-06,0.0148148148148148,0.3481624758220503,0.0340863717521434,-0.0130248007908942,0.9285714285714286,0
VAV2,1.7242191823387475e-05,0.0203703703703703,0.3417721518987341,0.0401558283539227,-0.023354377802228,0.8,0
BTRC,0.0009636361647513,0.0166666666666666,0.3170874926600117,0.0018242519843007,-0.0251572089646849,0.1944444444444444,0
SMAD6,0.0011431786415144,0.0129629629629629,0.3062960862166761,0.0016944878424103,-0.0067710788682732,0.0476190476190476,0
BTRC2,0.0022105756973443,0.0203703703703703,0.3415559772296015,0.0039534368116203,-0.0468341073008381,0.2,0
CUL1,0.0069794405738423,0.0351851851851851,0.3800140745953554,0.0090071487416125,-0.0803183059607865,0.175438596491228,0
FBXW7,0.000663646478628,0.0129629629629629,0.2965403624382207,0.0007780234790303,-0.0212015002024194,0.4285714285714285,1
GLI3,0.0011415086004528,0.0111111111111111,0.313588850174216,0.0012720003750466,0.0150764180079767,0.0,0
GSK3B,0.0030546143893855,0.0222222222222222,0.3383458646616541,0.0037235649769597,-0.0040293899585762,0.0454545454545454,1
RBX1,0.0056098608221525,0.0203703703703703,0.3156049094097019,0.0012104099889814,-0.0306326141967178,0.2,0
SKP1,0.0033743343637673,0.0277777777777777,0.3557312252964427,0.0056635158710308,-0.0855299632945324,0.238095238095238,0
CAMK2D,0.0006878604668273,0.0111111111111111,0.3585657370517928,0.013745968574637,0.0124578072836542,0.1333333333333333,0
RPL8,0.0030534202252659,0.0166666666666666,0.3415559772296015,0.0094125939094059,0.0231297696454246,0.1111111111111111,0
CASP2,0.0022381389878616,0.0314814814814814,0.3857142857142857,0.0156460143507893,-0.096568580359468,0.3602941176470588,0
FADD,0.0080054776138361,0.0481481481481481,0.3854389721627409,0.0264980951781971,-0.0867247375106952,0.2369230769230769,1
TRADD,0.0089390739279509,0.0574074074074074,0.3840682788051209,0.0209906757786821,-0.112019878851739,0.2021505376344086,0
MEF2C,0.0005332673877472,0.0185185185185185,0.3648648648648648,0.0144424155163683,0.0115205848779028,0.2444444444444444,0
STUB1,0.001112409761421,0.0203703703703703,0.3576158940397351,0.0147346226449573,-0.0201123041765678,0.1818181818181818,1
DAB2,0.0025287828070528,0.0314814814814814,0.3810868031051517,0.0547435011318074,-0.0428996751311729,0.4558823529411764,0
GRB14,1.9352916232622792e-06,0.0222222222222222,0.3626595030221625,0.0491757804768858,0.0071905021697762,0.9545454545454546,0
HD,0.0004990284783404,0.0259259259259259,0.3896103896103896,0.0393645838529287,-0.0391110511712734,0.4285714285714285,0
PARD3,2.0260479575838737e-05,0.0129629629629629,0.3424223208623969,0.0143918224383668,0.0684266691357039,0.7142857142857143,0
E2F4,0.0001339672782785,0.0055555555555555,0.2903225806451613,0.000746474199603,0.0028464323771512,0.3333333333333333,1
ID2,0.0011386009645217,0.024074074074074,0.3621730382293762,0.0111173037584845,-0.0111478417361989,0.4230769230769231,0
MCM7,0.0021555273772194,0.0203703703703703,0.3517915309446254,0.0068375802825291,-0.0582830425567605,0.3272727272727272,0
MYB,0.0008383852898263,0.024074074074074,0.3829787234042553,0.021932555965084,-0.0220686456744973,0.4102564102564102,0
FOXO1A,0.0008203389011946,0.024074074074074,0.3786816269284712,0.0209941899551806,-0.0432046190979366,0.282051282051282,0
FOXO3A,0.0014238994250921,0.0277777777777777,0.3776223776223776,0.0202434103986894,-0.0292679181641393,0.2857142857142857,0
PKN1,0.0025947693419197,0.0222222222222222,0.3747397640527412,0.0112596378696418,0.000975817534766,0.0909090909090909,0
RAC1,0.0099953364492477,0.0574074074074074,0.4081632653061224,0.0571439636573176,0.03840893306974,0.1548387096774193,0
RGS16,4.096380844284767e-05,0.0092592592592592,0.3370786516853932,0.0068809367664448,0.0470926616591915,0.4,0
CDKN1A,0.001720229344239,0.0277777777777777,0.3633916554508748,0.0104037274481983,-0.0548401852659533,0.2666666666666666,1
ETS1,0.0021978079916621,0.037037037037037,0.3941605839416058,0.0426225131821265,0.0213589082883342,0.4105263157894737,1
ID3,0.0014768491221109,0.0259259259259259,0.3426395939086294,0.0072218117613797,-0.003414571741731,0.4065934065934066,0
MCM5,0.0031562201038623,0.0203703703703703,0.3686006825938566,0.0138130322377755,-0.0589725499059228,0.3272727272727272,0
RBL2,0.0012569033849374,0.0185185185185185,0.3665987780040733,0.0115948197013362,0.0511587695464063,0.2444444444444444,0
RPS11,0.0,0.0018518518518518,0.2735562310030395,0.0005416421126121,0.0006995871544449,0.0,0
DYRK1A,0.0005261099085457,0.0166666666666666,0.3616878767582049,0.0156649551763559,-0.0139572776462037,0.4166666666666667,0
ITGB4BP,0.0096276209547024,0.0148148148148148,0.3045685279187817,0.0015268241566464,0.0010990826589342,0.0357142857142857,0
MMP7,0.0037037037037037,0.0037037037037037,0.2787816210635002,0.0011399825009806,0.0114668285001737,0.0,1
VIM,0.0005635835114877,0.0129629629629629,0.3680981595092024,0.0126696640022338,-0.012721229585029,0.0952380952380952,1
NFYA,0.0037911790790927,0.0166666666666666,0.3607214428857715,0.0094043921663221,0.0340779680073825,0.1666666666666666,0
PRKACA,0.0132048042251317,0.0425925925925925,0.400593471810089,0.0235980476888652,0.0900614468684333,0.1225296442687747,0
SALL1,0.0003128290238947,0.0129629629629629,0.3435114503816794,0.0063560100941499,0.0071895940761576,0.3809523809523809,0
PIN1,0.0,0.0018518518518518,0.2753697093319734,0.0005641324130348,0.0060706853138324,0.0,0
CDC37,0.0002535607302224,0.0092592592592592,0.3370786516853932,0.0046230149851788,0.0068814137813196,0.3,0
TNK2,0.0026160743285429,0.0388888888888888,0.3770949720670391,0.0519973439903408,0.0366636298198013,0.3095238095238095,0
CDK6,0.0001342667236905,0.0111111111111111,0.3457106274007682,0.0101881154510622,-0.0306654069274917,0.6666666666666666,1
SIN3A,0.0024382458710919,0.0277777777777777,0.3488372093023256,0.0075987560883983,0.005980007617397,0.1619047619047619,0
FRAP1,0.0,0.0018518518518518,0.2797927461139896,0.0004758408818648,0.0025140342957837,0.0,0
CEACAM1,1.9503968537352245e-06,0.0074074074074074,0.3372891942535915,0.0144935124462437,0.0205764581638069,0.6666666666666666,0
CHK,0.0020357295683074,0.0185185185185185,0.3366583541147132,0.0053007115248438,-0.0299129382216352,0.2,0
CSNK1D,0.0002719000995254,0.0111111111111111,0.2833158447009444,0.000570249343578,0.0111690950253192,0.2666666666666666,0
CIAP1,0.0010948271698826,0.024074074074074,0.3463758819756254,0.0089763805695549,-0.0603216328906522,0.2564102564102564,0
CYLD,6.871423366475271e-05,0.0074074074074074,0.2978488692774407,0.0014270519156416,-0.01314476322549,0.0,0
TRAF1,0.0041684062456552,0.0333333333333333,0.3609625668449198,0.015635309348714,-0.0885251672416688,0.2549019607843137,0
TRAF3,3.067286712209987e-05,0.0111111111111111,0.3057757644394111,0.0024681538935236,-0.0221638207523611,0.0666666666666666,0
CIAP2,0.0009944692881436,0.0259259259259259,0.3531720078482668,0.0106319645344129,-0.0750446176725553,0.2747252747252747,0
CIN85,0.0076873756207991,0.0296296296296296,0.3595206391478029,0.0335834358285043,0.0257544247980858,0.2166666666666666,0
AP2A1,0.0001179731766422,0.0092592592592592,0.2949208083014746,0.0021199630604136,0.0430733384603807,0.0,0
AP2B1,0.0005195037217044,0.0129629629629629,0.3078677309007981,0.0025231558572261,0.0492749936089642,0.0476190476190476,0
SPRY2,0.0037070235835466,0.0055555555555555,0.2677243430837878,0.0012223283467398,0.0162250543358733,0.0,0
CIR,0.0036148522328656,0.0166666666666666,0.336239103362391,0.003806150165763,-0.0029477373922034,0.1666666666666666,0
SAP18,1.5996473003148704e-05,0.0037037037037037,0.2662721893491124,0.0002692879848997,0.0095458395277655,0.0,0
SAP30,1.5996473003148704e-05,0.0037037037037037,0.2662721893491124,0.0002692879848996,0.0095458395277655,0.0,0
SNW1,0.009537961245454,0.0314814814814814,0.3678474114441417,0.0102504644005729,-0.043918745615347,0.1544117647058823,0
CK2A1,0.0049370997747913,0.024074074074074,0.3713892709766162,0.0102961405832343,0.010124348272014,0.2435897435897435,0
CK2B,0.0010390444794597,0.0129629629629629,0.2996670366259711,0.0011560611401713,0.0132682999046517,0.0476190476190476,0
FAF1,0.0029659642913436,0.0111111111111111,0.3417721518987341,0.0051304236131892,-0.0011197953150945,0.2,0
MTIF2,8.027754039410814e-05,0.0037037037037037,0.2756508422664624,0.0012417862947206,0.0124595754115089,0.0,0
CLTC,0.005230440093142,0.0296296296296296,0.3851640513552068,0.0191479239973488,0.0146787969906618,0.1333333333333333,0
PAPOLA,0.0014068522327342,0.0185185185185185,0.3713892709766162,0.0183242468161611,0.0238615819436732,0.2666666666666666,0
COPS3,0.0017060258642625,0.0166666666666666,0.3513337670787247,0.0084642167207323,0.0307552860759667,0.1944444444444444,0
COPS5,0.0006183652349782,0.0148148148148148,0.3597601598934044,0.0104867191997147,-0.0311682191811382,0.3571428571428571,0
PSMD4,0.0051827743829974,0.0277777777777777,0.3488372093023256,0.0055035205832487,-0.0075162079843717,0.3142857142857143,0
CREB,0.0013637775298784,0.0185185185185185,0.3439490445859872,0.0065616215633615,0.0311077956367762,0.1333333333333333,0
ATF2,0.0002728088723208,0.0129629629629629,0.3161592505854801,0.0026662419179384,0.0252098077057509,0.1904761904761904,0
JUND,0.0022577679728031,0.0277777777777777,0.3763066202090592,0.0208999923869307,0.0326933544889838,0.3428571428571428,0
MITF,0.0010511734537798,0.0203703703703703,0.3351955307262569,0.0046837148640684,0.0407443422461867,0.2363636363636363,0
GLG1,0.0,0.0037037037037037,0.3083952027412907,0.0071571590656955,0.0056347235041264,1.0,0
VAV3,2.6671267599269027e-06,0.0092592592592592,0.3450479233226837,0.0204093730214046,0.0060105084593497,0.7,0
CRM1,0.0010508138862338,0.024074074074074,0.3882099209202013,0.0199679104301797,-0.0231411306781636,0.2564102564102564,0
PRKAR1A,0.000122139697561,0.0111111111111111,0.3394091766184789,0.0108393408720981,0.0304907896162507,0.2,0
DCP1A,0.0005140439759955,0.0074074074074074,0.3064699205448354,0.0054500790830275,0.0105132562221677,0.0,0
IKBKAP,3.7892259021212935e-05,0.0055555555555555,0.2679900744416873,0.0006560256397586,0.0108463805447333,0.3333333333333333,0
DAXX,0.0012964517703808,0.0222222222222222,0.3821656050955414,0.019988404231337,-0.0408409096135402,0.4242424242424242,0
SPEN,0.0005434875303183,0.0203703703703703,0.3737024221453287,0.0191733660467847,-0.0214281919735091,0.5272727272727272,0
ZFHX1B,0.0005685761374375,0.0296296296296296,0.3614457831325301,0.016947970772629,-0.026583465403466,0.3416666666666667,0
CTBP2,0.0004033355908384,0.0111111111111111,0.3331276989512646,0.0043278249830641,-0.0040749177663582,0.2666666666666666,0
PSMD7,0.0002587801780948,0.0166666666666666,0.3061224489795918,0.0010039697532293,-0.0217139807311449,0.75,0
DAAM1,0.0024906718870832,0.0074074074074074,0.2976846747519294,0.0013693867054673,0.0016898309848097,0.1666666666666666,0
DAP,0.0002013786528906,0.0055555555555555,0.2886157135221806,0.0008353453086446,0.000539744987093,0.0,0
TNIP1,0.0001964325990904,0.0055555555555555,0.289544235924933,0.0007118424532708,-0.0028619744387462,0.0,0
DDEF1,0.0009136645090801,0.0148148148148148,0.3233532934131736,0.0191470092140538,0.010344270656235,0.3214285714285714,0
REPS2,5.880457653212794e-05,0.0074074074074074,0.3075170842824601,0.0080666377771519,0.0078052263466128,0.1666666666666666,0
DDX3,0.0005909589834876,0.0092592592592592,0.3233532934131736,0.0021131989497999,0.0060964233076769,0.1,0
DNM,0.0024872198610795,0.024074074074074,0.3531720078482668,0.0161432465232086,0.0200622966515441,0.1282051282051282,0
DSP,0.0001189998419513,0.0055555555555555,0.319337670017741,0.0030078820796309,0.0120334822429027,0.0,0
CTNND1,2.9733665464044253e-05,0.0037037037037037,0.2839116719242902,0.0014444272691575,0.0061313305398563,0.0,0
FZD4,0.0003197825206661,0.0037037037037037,0.2616279069767442,0.0001917792159547,0.0074565352271248,0.0,0
FZD6,0.0040234862243698,0.0055555555555555,0.2618816682832202,0.0001919209695702,0.0084079551433936,0.0,0
E2F5,0.0011504726853087,0.0148148148148148,0.341124447252053,0.00760747902262,0.0022142591123414,0.1428571428571428,0
E3B1,0.0007963815890796,0.0222222222222222,0.3590425531914893,0.0282144345523578,0.03270387168508,0.3484848484848485,0
EPS8,0.0017195124101461,0.0074074074074074,0.3337453646477132,0.0045046584693163,0.0072473730550269,0.0,0
EBP1,0.0056266518082803,0.0203703703703703,0.3686006825938566,0.013756853633295,0.0444904455249562,0.109090909090909,0
KPNA3,6.115323644247998e-05,0.0055555555555555,0.3068181818181818,0.0018421162027785,0.0179953916358405,0.3333333333333333,0
RPL30,0.0,0.0018518518518518,0.2694610778443114,0.0003738737502351,0.0131224482008443,0.0,0
RPL4,0.0023075773138112,0.0148148148148148,0.341124447252053,0.0074397635089104,0.0278173085694946,0.1785714285714285,0
EF1A,8.316997082438097e-05,0.0037037037037037,0.2827225130890052,0.0005174329788358,0.022173539005514,0.0,0
UBE3A,0.0099014141720052,0.0277777777777777,0.3488372093023256,0.0061024229585612,0.0116720961863717,0.0666666666666666,0
EIF3S2,0.0002874367827926,0.0074074074074074,0.2958904109589041,0.0014754062318991,0.0130417158200402,0.0,0
FBL,0.001595536441036,0.0092592592592592,0.2738336713995943,0.0002218935848654,0.0110563031054605,0.0,0
ELK1,0.0031039139885261,0.024074074074074,0.3810868031051517,0.0265563419623933,0.0246704455206958,0.3846153846153846,0
ELK3,0.0006465240645551,0.0203703703703703,0.3492884864165588,0.0080740529863132,0.0088072351522504,0.109090909090909,0
ENG,0.001887813139695,0.024074074074074,0.3576158940397351,0.0167923762150615,-0.0287329932251051,0.3974358974358974,1
SMAD4,0.0030284963208202,0.0407407407407407,0.3982300884955752,0.0355925371133055,-0.0034441679771668,0.329004329004329,1
TGFB2,3.034441865529856e-06,0.0074074074074074,0.2863202545068929,0.0018194966738365,-0.0042329293624559,0.8333333333333334,1
TGFB3,0.0,0.0055555555555555,0.2873869079297498,0.0019980051211486,-0.0016338199207935,1.0,1
EPS15R,0.003272440444222,0.0166666666666666,0.3358208955223881,0.0113594686405377,0.0394661729952242,0.1388888888888889,0
KRT8,9.808585503678396e-05,0.0074074074074074,0.3385579937304075,0.0083923623898831,0.0425434276243072,0.3333333333333333,1
ERK1,0.0383271441748152,0.1444444444444444,0.4766107678729038,0.1368547506228348,0.1036386104367381,0.1671661671661671,0
MEF2A,0.0001304971275519,0.0111111111111111,0.3675970047651463,0.013604613200608,0.0277365827439563,0.4666666666666667,0
PLCG2,0.0001360511243501,0.0148148148148148,0.3470437017994858,0.0211201775160048,0.0215191633454304,0.3571428571428571,0
SF1,6.352823580473355e-05,0.0092592592592592,0.3448275862068966,0.0106997614860995,0.0547331354122525,0.4,0
TCF8,6.976077069119987e-05,0.0111111111111111,0.3511053315994798,0.0125247236103764,-0.0088862546472473,0.5333333333333333,0
VDR,0.0009536238944232,0.0259259259259259,0.3805496828752642,0.0335942915630603,-0.0050767269572137,0.4175824175824176,1
ERK2,0.0033204116517082,0.0518518518518518,0.4195804195804196,0.075749258433121,0.0263106410457024,0.3518518518518518,0
ERM,0.0001355151789643,0.0111111111111111,0.3364485981308411,0.0062191634604581,0.0326803892379641,0.2,0
ERT,0.0003084859069888,0.0129629629629629,0.3557312252964427,0.0141485583661941,0.0283386334063943,0.238095238095238,0
LAMR1,0.001302781330322,0.0185185185185185,0.3641267700606878,0.0099110562407427,0.0186855814597585,0.1777777777777777,0
FANCD2,7.960448085760342e-06,0.0055555555555555,0.3178340200117716,0.0025992379607527,0.012645995102514,0.3333333333333333,1
POLR1A,0.0040564420215005,0.0092592592592592,0.2602409638554216,9.252267652199868e-05,0.0103871831757274,0.1,0
PSMD3,0.0016838132091718,0.0203703703703703,0.3080433542498574,0.0013289727206284,-0.0142253592086578,0.4363636363636363,0
GJA1,3.482581625740664e-05,0.0111111111111111,0.3543307086614173,0.0231438599291281,0.0263572817783219,0.6666666666666666,0
FKBP12,7.927314865160021e-05,0.0111111111111111,0.3742203742203742,0.0188983905141769,0.0014805357747538,0.4,0
FKBP51,0.0007482400357251,0.0092592592592592,0.3465982028241335,0.0063808053562107,-0.0079464248239358,0.3,0
FRP2,0.0,0.0018518518518518,0.2076124567474048,5.215888353159436e-06,0.009514199162688,0.0,0
GAB2,0.0001681568926004,0.0129629629629629,0.3670972127804214,0.0153667812371033,0.0407260153050892,0.3333333333333333,0
GAPDH,0.000256730558992,0.0092592592592592,0.3379224030037547,0.0052948735523484,0.0087161051209134,0.0,1
GIPC,0.0017193424667094,0.0148148148148148,0.3349875930521092,0.0074053225140518,0.0327820440546463,0.0714285714285714,0
ITGA6,1.4276726725730766e-05,0.0037037037037037,0.2753697093319734,0.0004704901143156,0.011609593695535,0.0,1
TGFBR3,0.0046922424295112,0.0296296296296296,0.3571428571428571,0.0142679502704853,-0.0158322931866358,0.3083333333333333,0
GP130,5.134673713920064e-05,0.0166666666666666,0.3665987780040733,0.0371131336007748,0.0338876976556739,0.7777777777777778,0
RPL6,1.813816966230936e-05,0.0037037037037037,0.2911051212938005,0.0034199585363682,0.009949887974053,0.0,0
RANBP9,0.0003509631308399,0.0074074074074074,0.3345724907063197,0.0065379416306182,0.0226869951411562,0.0,0
GRIM19,0.0,0.0018518518518518,0.314502038439138,0.0043648105130208,0.0134502940653586,0.0,0
GTFII-I,0.0002671078410007,0.0185185185185185,0.375,0.0235136546331078,0.0014206495242015,0.5111111111111111,0
HBO1,0.000266496915454,0.0074074074074074,0.296866410115448,0.0010272978166044,0.0168234761206882,0.0,0
HES6,0.0001565750039791,0.0166666666666666,0.3237410071942446,0.0045105511272967,0.0144573617018263,0.75,0
ID1,3.0748398601286884e-06,0.0111111111111111,0.3069926094371802,0.0032020600649797,0.0062436304115663,0.9333333333333332,0
ID4,3.4357177214320078e-06,0.0111111111111111,0.3056027164685908,0.0029813994904785,0.0077945867889483,0.8666666666666667,0
TCF12,0.0,0.0074074074074074,0.3052572074618428,0.0027773376051772,0.0059126784150035,1.0,0
SNRPD2,0.0011149388252849,0.0037037037037037,0.2834645669291338,0.0009047794530227,0.0124336534144145,0.0,0
HIP1,0.0001284472249595,0.0092592592592592,0.3296703296703296,0.0105808131089206,0.0027106141173318,0.5,0
HIVEP3,0.0088021309634207,0.0148148148148148,0.3247143716175586,0.005154091971436,-0.0108535920669967,0.1071428571428571,0
FHL1,0.0002433302216918,0.0037037037037037,0.274390243902439,0.0003278345595052,0.0026588195179741,0.0,0
RING1,0.0,0.0018518518518518,0.2452316076294278,0.0001400741583637,0.007588044441649,0.0,0
STXBP1,0.0,0.0018518518518518,0.2452316076294278,0.0001400741583637,0.007588044441649,0.0,0
HSP90A,0.0058335089404363,0.0425925925925925,0.4069329314242653,0.038999358753759,0.072262958963031,0.1699604743083003,0
HSP90B,0.0027120971347222,0.0185185185185185,0.3391959798994975,0.0041552611729818,0.0354785805838946,0.0666666666666666,0
KPNA6,0.0052370919020374,0.0203703703703703,0.358327803583278,0.0106804000315323,0.0265379709019406,0.1818181818181818,0
ICAT,7.717431371553966e-05,0.0092592592592592,0.3214285714285714,0.0037733204056624,-0.0242005208064008,0.4,0
IKBA,0.0034782245191927,0.0462962962962963,0.4115853658536585,0.0565096135597038,0.0407702686087674,0.3633333333333333,0
IKBB,0.0,0.0018518518518518,0.2824267782426778,0.0009944549834038,0.0129438711357273,0.0,0
IKBE,0.0,0.0018518518518518,0.2824267782426778,0.0009944549834038,0.0129438711357273,0.0,0
IKKB,1.001416241334248e-05,0.0148148148148148,0.3698630136986301,0.0216306841391923,-0.0107171223008127,0.8928571428571429,0
IKKE,0.0005021014630251,0.0148148148148148,0.3472668810289389,0.0109233693206,0.0344312613384029,0.1071428571428571,0
POLR1B,0.0011647040907503,0.0055555555555555,0.2357049323439546,4.325185362004634e-05,0.0113023765701417,0.0,0
WDR12,0.0,0.0018518518518518,0.2335640138408304,4.149491508824264e-05,0.0087833119142421,0.0,0
MFNG,1.9376252369449647e-06,0.0055555555555555,0.2799377916018662,0.0005551712131856,-0.0136487726244972,0.6666666666666666,0
JNK1,1.48841122780016e-05,0.0148148148148148,0.3691045796308954,0.0252820001827241,0.0051797200690866,0.6785714285714286,0
JNKK2,0.0002585316576864,0.0185185185185185,0.3534031413612565,0.0123441585657104,-0.0295121009105337,0.4666666666666667,0
SNIP1,0.0,0.0018518518518518,0.2639296187683284,0.0002902641345355,0.0113272007385427,0.0,0
KRAS2,0.0,0.0018518518518518,0.2477064220183486,0.0001761057153948,0.0148449957286831,0.0,0
SHOC2,0.0037474511482007,0.0092592592592592,0.3290676416819013,0.0064798893988958,0.0617159208033439,0.2,0
KRT7,0.0037739232108376,0.0074074074074074,0.2833158447009444,0.000873242690173,0.0215074356930463,0.1666666666666666,1
KRT17,0.0,0.0037037037037037,0.2782071097372488,0.0007437577255727,0.0178383799262891,1.0,1
KTN1,0.0,0.0018518518518518,0.2208588957055214,2.373235393377208e-05,0.0108241472176533,0.0,0
LIP1,0.0001740782312812,0.0074074074074074,0.3078677309007981,0.0024419238133127,0.0034729613441677,0.0,0
MAGI3,0.0002047013631007,0.0074074074074074,0.2379903040987219,5.3238917900568576e-05,0.011050964633106,0.0,0
NLK,0.0009762328509382,0.0037037037037037,0.2671944581890153,0.0002058631575002,0.0062212884922455,0.0,0
MAIL,4.441581218631351e-05,0.0092592592592592,0.3302752293577982,0.0035937936556021,0.0184852280439758,0.6,0
MAML1,0.0045651008403436,0.0277777777777777,0.3540983606557377,0.0071096907587893,-0.0504001732810542,0.1904761904761904,0
HEY1,0.0,0.0037037037037037,0.2723146747352496,0.000380982399271,-0.0012958386034315,1.0,0
MAML2,0.0001125194852502,0.0129629629629629,0.3141361256544502,0.0022315341354078,-0.031604195470931,0.7142857142857143,0
SENP1,0.0057169302744015,0.0203703703703703,0.3437301082113304,0.0049217387810184,0.0168751745343777,0.1272727272727272,0
MAP1B,0.0,0.0018518518518518,0.2736948808920426,0.0010267792768096,0.006338653930856,0.0,0
TAB1,0.001294371193408,0.0277777777777777,0.3520208604954368,0.0073347112029691,-0.0398608991607268,0.3047619047619048,0
MCC,1.2752948500744095e-05,0.0037037037037037,0.3210463733650416,0.0026434362240815,0.0018542027391677,0.0,0
MEK1,0.0001827457611201,0.0148148148148148,0.3713892709766162,0.0155600593269783,0.0503030647599008,0.3214285714285714,0
MEK2,0.0,0.0018518518518518,0.2931596091205212,0.0008861038938748,0.0147915735740669,0.0,0
MEK3,0.0006120865201105,0.0185185185185185,0.3506493506493506,0.006287640583688,-0.0103476751439971,0.2888888888888888,0
MEK5,0.0001911674632413,0.0148148148148148,0.3422053231939163,0.0113221763823255,0.0749638651320849,0.1428571428571428,0
MEKK1,0.0036565765500656,0.0351851851851851,0.3982300884955752,0.0275743998019505,-0.0234033875012541,0.1578947368421052,0
MEKK2,0.0,0.0018518518518518,0.2180936995153473,3.098161427060061e-05,0.009820086498366,0.0,0
MEKK3,0.0064071500586542,0.0314814814814814,0.3773584905660377,0.0150926137003065,0.0642382722190904,0.1470588235294117,0
WNK1,0.0,0.0018518518518518,0.2741116751269035,0.0004101760646291,0.0150972308702577,0.0,0
MIZ1,0.002615206538375,0.0166666666666666,0.356906807666887,0.00990657390682,-0.0034201435827831,0.1111111111111111,0
MKP1,0.0005059312558942,0.0148148148148148,0.3517915309446254,0.0086203122998318,0.0431866263995648,0.25,0
MSK1,0.0039167747197008,0.0259259259259259,0.3739612188365651,0.017081371024267,0.0772982148132219,0.1538461538461538,0
MUPP1,0.0015533137002568,0.0111111111111111,0.3178340200117716,0.0031452895153758,-0.0018288615856954,0.0666666666666666,0
NCK,9.774522954962362e-05,0.0037037037037037,0.2445652173913043,7.642907158019286e-05,0.0110691149703949,0.0,0
NFYC,0.0,0.0037037037037037,0.2748091603053435,0.0003879447540136,0.0150347470707545,1.0,0
NGAP,0.0041043810542471,0.0129629629629629,0.3375,0.0041979944018235,0.0078008192121044,0.0952380952380952,0
CAV2,0.0,0.0018518518518518,0.2524544179523141,0.0001140900348519,0.0094534855695591,0.0,0
NIK,0.0024141326260401,0.0296296296296296,0.3683492496589359,0.0119743644792675,-0.0266012015745562,0.2416666666666666,0
NKIRAS1,0.0003793855061702,0.0166666666666666,0.3468208092485549,0.0055382663571473,0.0237915310892196,0.3611111111111111,0
NKIRAS2,0.0029731530351019,0.0259259259259259,0.363147276395427,0.0075348965181099,-0.0064554144217264,0.1868131868131868,0
NR3C1,0.0064303076700834,0.0296296296296296,0.3865425912670007,0.0195149690757452,0.0446850996495813,0.1583333333333333,1
CALR,0.0,0.0018518518518518,0.2789256198347107,0.0005303636186411,0.0131419136133068,0.0,0
PSMC1,0.0009710055471434,0.0166666666666666,0.314868804664723,0.0019854245242937,0.0103565294089001,0.75,0
RALGDS,0.0,0.0018518518518518,0.286624203821656,0.0012529177635802,0.0359191342063196,0.0,0
NSMAF,0.0002528170465693,0.0092592592592592,0.3223880597014925,0.0057207935816324,-0.0148212881040021,0.3,0
OTF1,0.0038774582319008,0.0129629629629629,0.3422053231939163,0.004708233683812,0.0144672684422351,0.238095238095238,0
POLR2L,0.0003821995736425,0.0074074074074074,0.2597402597402597,0.0001980598721313,0.0134275809832454,0.5,0
OTF2,1.2727110378632045e-05,0.0037037037037037,0.3038829487900956,0.0044780738444577,-0.0037650556544026,0.0,0
P70S6K,0.0002753053266514,0.0092592592592592,0.3272727272727272,0.0048925530619142,-0.0174325900032887,0.1,0
P204,0.0,0.0018518518518518,0.3035413153456998,0.0045021039366461,0.0037327767965451,0.0,0
PAF53,3.562148954377295e-05,0.0037037037037037,0.2101167315175097,3.6899813085016512e-06,0.0108423596229356,0.0,0
PATZ,0.0006851121199501,0.0092592592592592,0.3249097472924188,0.0026191129605957,0.0208315733935451,0.1,0
PEN2,0.0004671831711445,0.0203703703703703,0.3266787658802177,0.0044358262982116,-0.0739775748844347,0.3818181818181818,0
PFDN2,3.316283207027384e-05,0.0037037037037037,0.2548371873525247,0.0001720410660333,0.0141776619779276,0.0,0
PIAS3,1.2999385500560177e-05,0.0074074074074074,0.3419886003799873,0.0099145883115552,-0.0088458714821596,0.6666666666666666,0
PIAS4,0.0011526958750452,0.0111111111111111,0.3595206391478029,0.0095629827216698,0.0174628161051879,0.1333333333333333,0
PITPN,6.316772335170126e-05,0.0092592592592592,0.3170874926600117,0.0100521706114878,0.0169966244212729,0.2,0
KCNQ1,0.0,0.0018518518518518,0.2861685214626391,0.0006413305558699,0.017679548335192,0.0,0
PRKAR1B,0.0,0.0018518518518518,0.2861685214626391,0.0006413305558699,0.017679548335192,0.0,0
PRKCL,0.0045944554754556,0.0481481481481481,0.4081632653061224,0.0448232858632809,0.1085180511035151,0.1784615384615384,0
PSD95,0.0,0.0018518518518518,0.3195266272189349,0.0053012525132014,0.0090022642082264,0.0,0
PYK2,0.0003878093268976,0.0129629629629629,0.3247143716175586,0.0099794741856978,0.034681702321145,0.0952380952380952,0
RAB5,0.0010752695848911,0.0185185185185185,0.3550295857988165,0.0125422322791132,0.0374989293440372,0.0888888888888888,0
RAB23,4.73107749957884e-05,0.0037037037037037,0.2712204922149673,0.0002929191989131,0.0096604274067467,0.0,0
RACK1,0.0068094330283209,0.0222222222222222,0.3629032258064516,0.0172528967052549,0.0561740345982523,0.106060606060606,0
RPS13,0.0,0.0018518518518518,0.2664035520473606,0.0004688866630085,0.0142908071081739,0.0,0
SDC2,6.163425981317268e-05,0.0037037037037037,0.2842105263157894,0.000856650625466,0.0127075777895103,0.0,0
RAD54L2,0.0003965222841748,0.0092592592592592,0.3286670724284845,0.0025270648342553,0.0170251454235088,0.1,0
RAI,0.0001361763668527,0.0092592592592592,0.3450479233226837,0.0055200199952733,0.0123501157531734,0.2,0
RALBP1,0.0075127624746625,0.0314814814814814,0.3711340206185567,0.0445360268696476,0.0245934177269506,0.3308823529411764,0
RALB,0.0,0.0037037037037037,0.2725896012115093,0.0014495329024236,0.013086948433725,1.0,0
RAP30,0.0010294885471602,0.0092592592592592,0.2912621359223301,0.0006110486872965,0.0072027581646232,0.1,0
CDK9,0.0004821786533267,0.0074074074074074,0.2995008319467554,0.0012135004547405,0.0052587302104295,0.0,0
RAP74,0.0009099811654093,0.0074074074074074,0.3221957040572792,0.0017293841262683,0.0163754568696393,0.0,0
RB,0.0,0.0018518518518518,0.2843601895734597,0.0005760233510515,0.0048942478603836,0.0,0
RBPSUH,0.0111303202410168,0.0333333333333333,0.3538663171690694,0.006908728828938,-0.0492922492367487,0.1699346405228758,0
POFUT1,0.0,0.0018518518518518,0.261501210653753,0.0001877604011415,0.0037441787246738,0.0,0
ZNF259,0.0001182032367746,0.0037037037037037,0.2644466209598433,0.0001436217534106,0.0096142195245103,0.0,0
REPS1,0.0003941180112851,0.0092592592592592,0.3075170842824601,0.0088001914734337,0.0195420301268128,0.2,0
REQ,0.0002988411290123,0.0074074074074074,0.3103448275862069,0.0016631663516253,-0.0056060372584183,0.0,0
RIP2,5.602111543978799e-05,0.0111111111111111,0.3245192307692308,0.0077766208100955,0.0384729849502987,0.3333333333333333,0
RTKN,0.0008413115954301,0.0185185185185185,0.3286670724284845,0.0060517375895166,0.0488040825821005,0.2222222222222222,0
RKIP,0.0020230638284764,0.0203703703703703,0.3706245710363761,0.0114654902367716,0.0470914508161066,0.0909090909090909,0
RPA5,0.0039180186495689,0.0092592592592592,0.243024302430243,6.095736611667297e-05,0.0143482869360604,0.2,0
POLR1D,0.0,0.0018518518518518,0.1955813111191597,1.6566549068494545e-06,0.0101082323419547,0.0,0
RSK1,0.0015379897010892,0.0185185185185185,0.3492884864165588,0.0093900872146577,0.1007196441301984,0.0444444444444444,0
RSK2,3.100681708096076e-05,0.0055555555555555,0.3061224489795918,0.0031330103123048,0.0405220695872226,0.0,0
RSK3,0.001553193201624,0.0166666666666666,0.3437301082113304,0.006590636337196,0.1007608913835894,0.1111111111111111,0
SAM68,0.0032468856383157,0.0351851851851851,0.3770949720670391,0.0590369119595212,0.015461333785395,0.4912280701754385,0
SAP97,0.0002068240655827,0.0055555555555555,0.3159742539496781,0.0018615640819746,-0.0116732566351982,0.0,0
SCF,0.0022105756973443,0.0203703703703703,0.3415559772296015,0.0039534368116203,-0.0468341073008382,0.2,0
LRP5,0.0,0.0018518518518518,0.2559241706161137,0.0001337594325553,0.0103609211017864,0.0,0
SH2D3C,0.0001519057598774,0.0055555555555555,0.3049124788255223,0.0036214126520428,0.0085392680335469,0.3333333333333333,0
SHIP2,0.0011367525804597,0.0296296296296296,0.3538663171690694,0.039446770586916,0.0458931009243232,0.3166666666666666,0
SHP2,0.0027138240085793,0.0388888888888888,0.3818953323903818,0.0588890321476576,0.0940695744963385,0.419047619047619,0
SINK,0.0005594946925915,0.0111111111111111,0.3300733496332518,0.0043238958880343,0.0457423250287141,0.0,0
SKIL,0.0,0.0055555555555555,0.3358208955223881,0.0080868849131856,-0.0173605727934838,1.0,0
SMOH,0.0046038672932592,0.0222222222222222,0.3472668810289389,0.0062734358560981,0.0026228645289534,0.0303030303030303,0
SMRT,2.585066190001891e-05,0.0055555555555555,0.299168975069252,0.0011353097771311,0.0084129097078247,0.0,0
SMURF1,0.0063986040920155,0.0314814814814814,0.3792134831460674,0.0289925096289161,-0.0236857636657481,0.2205882352941176,0
ZFYVE9,0.0,0.0018518518518518,0.2750891492613347,0.0007879373142021,0.0063048272817739,0.0,0
MAGEA1,0.0,0.0018518518518518,0.2690582959641255,0.0002785796570386,0.004281529086814,0.0,0
SNX1,0.0005713286835258,0.0129629629629629,0.3302752293577982,0.0111236695749702,0.032227308867754,0.238095238095238,0
SNX6,6.345638494082164e-06,0.0037037037037037,0.2915766738660907,0.0039983251644658,0.0135541890055815,0.0,0
SNX4,0.0017520079779043,0.0185185185185185,0.3619302949061662,0.0320604005282268,-0.0138062037981074,0.4888888888888889,0
SODD,0.0049636856967233,0.0259259259259259,0.3441682600382409,0.0062282115352037,-0.056118375774019,0.2197802197802197,0
PPP2R2A,0.0,0.0018518518518518,0.2561669829222011,0.0001692657976885,0.0030615660709468,0.0,0
LRP1,0.0,0.0018518518518518,0.2112676056338028,3.3219549701992755e-05,0.010295909081936,0.0,0
STAMBPL1,0.0001017143321883,0.0092592592592592,0.3515625,0.0090052337134687,0.0036050420920377,0.3,0
TAB3,0.0004025860667373,0.0166666666666666,0.336239103362391,0.0036720543682137,-0.0162149315166211,0.3611111111111111,0
TAK1,0.0003957388888439,0.0111111111111111,0.3391959798994975,0.0048236866232533,-0.0032611413336314,0.2,0
TBPIP,0.0004898735678023,0.0074074074074074,0.3329223181257706,0.0038641794145813,-0.0042021890436994,0.3333333333333333,0
TFDP2,1.0745970670344464e-05,0.0055555555555555,0.3001667593107281,0.0022778237274655,0.0075572192304398,0.6666666666666666,0
TFIIH,0.0,0.0018518518518518,0.2756508422664624,0.0004630677903632,0.0014157526234458,0.0,0
TGFBRAP1,0.0023525514666004,0.0203703703703703,0.3543307086614173,0.0118729109545238,-0.0348586314796554,0.4,0
TIEG2,3.2353479779041034e-05,0.0037037037037037,0.2669303015323777,0.0002391377186237,0.0091159029138559,0.0,0
TIP1,8.664148594486189e-05,0.0037037037037037,0.3101665709362435,0.0016292528530479,-0.004076498516902,0.0,0
TIP60,0.0036782665834194,0.0222222222222222,0.3763066202090592,0.0115656676163579,0.0077949443828923,0.1666666666666666,0
TNFR1,0.0032973029876192,0.0314814814814814,0.3716448726772196,0.018076355265645,-0.0753586558320117,0.2205882352941176,0
TRAF5,0.0,0.0074074074074074,0.3015075376884422,0.0020791526032941,-0.0308527829386355,1.0,0
TNFR2,0.0016224611836168,0.0166666666666666,0.3576158940397351,0.0084475583981344,-0.0374147739533095,0.1944444444444444,0
TPL2,0.0006174834511906,0.0148148148148148,0.3452685421994885,0.0051264383452828,0.0103891258230086,0.2857142857142857,0
TRAILR1,0.0001141910398633,0.0111111111111111,0.3347799132052076,0.0045756044227292,-0.0325861004334623,0.4,0
TRUSS,0.0049705801087728,0.024074074074074,0.3595206391478029,0.0060063986838201,-0.079503812587304,0.1282051282051282,0
TVL1,0.0068209888412541,0.0148148148148148,0.3349875930521092,0.0048702104111908,0.0295354662166754,0.0357142857142857,0
NFYB,0.0,0.0018518518518518,0.2510460251046025,0.0001323590320434,0.0116269502700162,0.0,0
UBC9,0.0001683748528659,0.0055555555555555,0.3341584158415842,0.0076087246785249,0.0027699971868783,0.0,0
UBCH5B,0.002220355519901,0.0148148148148148,0.3441682600382409,0.0060756959627284,-0.0013350444229325,0.1428571428571428,0
UBCH5C,0.0009578992579571,0.0055555555555555,0.304054054054054,0.0022561114426477,0.0150018103374551,0.0,0
USP9,0.0001339072691337,0.0055555555555555,0.3028603477285474,0.0010556001978729,0.0129269722123572,0.3333333333333333,0
YES,0.0025463013746179,0.0277777777777777,0.3663500678426051,0.0461449902406536,-0.0022010822395792,0.5047619047619047,0
ZIN,0.0007505755999841,0.0055555555555555,0.3304773561811505,0.0051055419682848,0.004027286303215,0.0,0
ZNF216,0.0001613203443875,0.0074074074074074,0.3266787658802177,0.0029168139572827,0.0080125504812739,0.1666666666666666,0
