Name,Betweenness,Degree,Closeness,EigenValueC,Katz,ClusteringCoef,Label
4EBP1,0.0012829813885913,0.0109090909090909,0.3331314354936402,0.0040637695412638,0.0310758048513785,0.0,0
AKT1,0.0125074512929415,0.0654545454545454,0.4119850187265917,0.0469150391506167,0.1366703471440921,0.0984126984126984,1
CCND1,0.0084565123776002,0.0472727272727272,0.4,0.0276903643693673,-0.0140787942644823,0.1384615384615384,1
EIF4E,0.0022069645715676,0.0127272727272727,0.3285543608124253,0.0028460880266988,0.0219781321478028,0.0,1
MAPK14,0.0170235615869324,0.0636363636363636,0.4185692541856925,0.0310454264770091,0.0156468556366465,0.1126050420168067,1
PTEN,0.0104183504144578,0.0436363636363636,0.4005826656955571,0.0468090020047402,0.0603426407186685,0.2210144927536232,1
TFDP1,3.119346783037179e-05,0.0054545454545454,0.2840909090909091,0.0005904784222059,-0.0020084143430705,0.3333333333333333,0
14-3-3-zeta,0.0020922365472406,0.02,0.364963503649635,0.0124984261294522,0.0596514061936521,0.0727272727272727,0
BAD,0.0019965944761508,0.0127272727272727,0.3399258343634116,0.0092489312159871,0.074492167900489,0.3333333333333333,0
CDC25B,0.0001682382008209,0.0109090909090909,0.3401360544217687,0.0097901214878745,-0.020187287023764,0.2,0
CSNK1A1,0.00122365614686,0.0163636363636363,0.3164556962025316,0.001923873638525,0.0355833612044022,0.2222222222222222,0
CTNNB1,0.0340773797570554,0.0890909090909091,0.4439063761097659,0.0580237344382858,-0.0488010136820523,0.1139455782312925,1
KRT18,0.0117246294950726,0.0254545454545454,0.3746594005449591,0.0231207281408551,0.0608547585448691,0.2087912087912088,1
MST1R,0.0026763333560654,0.0563636363636363,0.3953989935298346,0.1001064296973356,-0.0036527478255206,0.6516129032258065,0
PIK3R1,0.0012465555062784,0.0218181818181818,0.3269916765755054,0.0080804115228463,0.045437861536873,0.0454545454545454,0
PRKCA,0.0110001770943814,0.0618181818181818,0.4107542942494399,0.0684771112215192,0.0778590369811747,0.2245989304812834,1
RAF1,0.0262441055749093,0.109090909090909,0.4417670682730923,0.1169199215770873,0.1088120968153314,0.2152542372881355,1
RAN,0.0137915338180228,0.0563636363636363,0.407709414381023,0.0368646915513328,0.037238198866499,0.1634408602150537,0
A20,0.0,0.0018181818181818,0.2458649977648636,7.825032082080538e-05,0.012463858687427,0.0,0
G3BP2,0.0041793471121276,0.0109090909090909,0.3258293838862559,0.0030018786916192,0.0324313054001429,0.0,0
ABIN2,0.0011840817197598,0.0218181818181818,0.3613666228646517,0.0089371470695249,-0.0271882729650829,0.1818181818181818,0
FLNA,0.0007354738077,0.02,0.3664223850766155,0.0205930434314503,-0.0261954898813073,0.2545454545454545,0
IKBKG,0.0073734209803137,0.0527272727272727,0.3982621288921071,0.02674605405885,-0.0509319651509306,0.1108374384236453,0
LYN,0.0190561028914237,0.1218181818181818,0.4347826086956521,0.1556307756270646,-0.0794086366667796,0.3102668475802804,0
NFKB1,0.012958879991455,0.0654545454545454,0.3917378917378917,0.0130622902408923,-0.0270012297018092,0.0365079365079365,0
NFKB2,0.0102369296167647,0.0563636363636363,0.39568345323741,0.0210674895127983,0.0137376483597157,0.2150537634408602,0
REL,0.0012592879361762,0.0236363636363636,0.3418272218769422,0.0061356245537165,0.0533563491013986,0.2179487179487179,1
FHL2,0.0114922448058938,0.0381818181818181,0.4,0.0205467540413422,-0.0393506183806918,0.1333333333333333,0
RIPK1,0.0092668121846115,0.069090909090909,0.3997093023255814,0.0275306662175727,-0.0559095222474811,0.1806543385490754,0
STK11,9.327029308444912e-05,0.009090909090909,0.3357753357753357,0.0080204022588565,0.0214769033884737,0.2,1
TAB2,0.0063603582648408,0.0418181818181818,0.3706199460916442,0.009310502542077,-0.0359049495381423,0.2213438735177865,0
TNF,0.0081981221125433,0.0545454545454545,0.3749147920927062,0.0115545068860194,-0.0367304767737533,0.0942528735632183,1
TRAF2,0.013199571444293,0.069090909090909,0.3965392934390771,0.0226532817860804,-0.1012280236336501,0.1351351351351351,0
ABL1,0.0141053426313774,0.1018181818181818,0.4283489096573208,0.1373205020698774,-0.0932262573947731,0.3564935064935065,1
APP,0.0038124766332328,0.0254545454545454,0.3721244925575101,0.024266665264323,-0.0004924744046373,0.1648351648351648,0
BCAR1,0.0041099611863571,0.0818181818181818,0.4204892966360856,0.1179479216976311,0.0105975136256686,0.3919191919191919,0
CBL,0.0118814666480395,0.1145454545454545,0.4323899371069182,0.1548163618752095,-0.0263970149772722,0.3625192012288786,0
CCNA2,0.00691313557445,0.0454545454545454,0.3827418232428671,0.0169597493057128,-0.1074424236503741,0.16,1
CDC42,0.006515400821718,0.0527272727272727,0.3945480631276901,0.0413295885540465,0.0540894506076149,0.1453201970443349,1
CRK,0.0033738524111216,0.069090909090909,0.3925767309064953,0.1069685661841429,-0.0495768186848486,0.4964438122332859,0
CRKL,0.0125033430472975,0.1054545454545454,0.44,0.1506027618060845,-0.0181592139083362,0.3835450695704779,0
DOK1,0.0010658845086225,0.0472727272727272,0.3939828080229226,0.0837067099033807,-0.0323265334938303,0.6153846153846154,0
FOS,0.0173855362641896,0.0818181818181818,0.437201907790143,0.0691247624481158,0.1162330282820012,0.2181818181818181,1
FYN,0.045937987324101,0.1781818181818182,0.4778453518679409,0.1921673587798766,0.0333956355321187,0.2114454029034294,0
GRB2,0.015772730933753,0.12,0.4313725490196078,0.1550503631766306,0.0253229110468972,0.3333333333333333,0
MDM2,0.0089262307986501,0.04,0.3997093023255814,0.0240409017244612,-0.0109365921966636,0.1212121212121212,1
MYC,0.0116913477284492,0.0436363636363636,0.3800967519004837,0.0191405138770012,-0.0365015547213645,0.1014492753623188,0
NUP214,0.0012306123868974,0.0236363636363636,0.3674014696058784,0.024011663695202,-0.0072933903869826,0.358974358974359,0
PLCG1,0.0023242239293852,0.0509090909090909,0.3846153846153846,0.0757474131345522,-0.0446019397914343,0.4973544973544973,0
PLSCR1,0.0,0.0036363636363636,0.3103837471783295,0.0067607193641107,-4.3991745936874985e-05,1.0,0
SHC1,0.00394871427534,0.0618181818181818,0.3973988439306358,0.0993499122698585,-0.0293873384648078,0.5240641711229946,0
SRC,0.01899245997236,0.1181818181818181,0.4424778761061947,0.1548194409439076,-0.0049750746027078,0.3360576923076923,1
STAT5A,0.0329227679659654,0.1690909090909091,0.4778453518679409,0.193090659668968,0.0584180691826954,0.2281439925198691,1
TP53,0.0196624157539077,0.0818181818181818,0.4365079365079365,0.0553852900760644,-0.0112273194111758,0.1606060606060606,1
TP73,0.0022588382489238,0.029090909090909,0.3873239436619718,0.0284492379561658,-0.0577105922425797,0.2666666666666666,0
YAP1,0.0,0.0018181818181818,0.3000545553737043,0.0035795494908711,-0.0001018975920645,0.0,0
ADAM10,0.0065276475132843,0.0327272727272727,0.3623188405797101,0.009885031798758,-0.0368302169644039,0.1895424836601307,0
CD44,0.0081172073755172,0.029090909090909,0.3800967519004837,0.0393965155289677,0.0416795686843208,0.3416666666666667,1
CDH1,0.0002626379223305,0.009090909090909,0.3208868144690782,0.0022690321571924,0.0040251699373691,0.1,1
DLL1,0.0004338381262014,0.0272727272727272,0.3277711561382598,0.0037388660519067,-0.0481190533658003,0.5142857142857142,0
DLL4,0.0002670146264982,0.0181818181818181,0.3128555176336746,0.0020859208432081,-0.0264655215605565,0.3555555555555555,0
EGFR,0.0145355327985252,0.1109090909090909,0.4201680672268907,0.1420119703011175,-0.0009518035884737,0.3240437158469945,1
FURIN,0.0,0.0018181818181818,0.2660861151427189,0.0002576742730264,0.0055377064509723,0.0,0
JAG1,0.0002878515203724,0.0218181818181818,0.3241013553329405,0.003273087352394,-0.0357155105219044,0.5606060606060606,1
JAG2,0.0014710746496423,0.029090909090909,0.3465658475110271,0.0089104137465377,-0.0395183840232696,0.4333333333333333,0
NOTCH1,0.0058826997433431,0.0436363636363636,0.3474415666456096,0.0049931819568426,-0.0357376888489717,0.181159420289855,0
NOTCH2,0.0072743583339414,0.0472727272727272,0.3859649122807017,0.0134749262734819,-0.0695424983766723,0.2461538461538461,0
NOTCH3,0.0013873447110432,0.029090909090909,0.3359804520464264,0.0049985027475236,-0.0466739893531313,0.275,0
PSEN1,0.0100598072779207,0.0618181818181818,0.4005826656955571,0.028015209127104,-0.0373550156523618,0.1550802139037433,0
ADD1,0.0010774226285921,0.029090909090909,0.3706199460916442,0.037189581572519,0.0357463012636185,0.2916666666666667,0
CSK,0.0101115405306905,0.1145454545454545,0.4382470119521912,0.1565718477384052,-0.0874995463995989,0.3456221198156682,1
CSNK1E,0.0057378316437421,0.0236363636363636,0.3652058432934927,0.022501426982518,0.0480550795295999,0.1153846153846153,0
FGR,0.0045336443700351,0.1,0.4169825625473843,0.1438431314540911,-0.0717419896795484,0.4175084175084175,0
HIPK2,0.0006749299271989,0.0163636363636363,0.3523382447149263,0.0099397578316601,-0.0090167881761115,0.2222222222222222,0
JAK1,0.0065564349808908,0.0854545454545454,0.4144687264506405,0.1361898438401217,-0.0254647528918234,0.5069380203515264,1
JAK2,0.0322687117171665,0.1672727272727272,0.4721030042918455,0.1896562640715122,0.1144251115616815,0.2295747730530339,1
LCK,0.0045048253559104,0.0890909090909091,0.4227517294388931,0.1416412067545057,-0.0659851950028128,0.494047619047619,0
PKN2,0.0005244872008723,0.0181818181818181,0.3639973527465255,0.0190452746261735,0.0319871370699708,0.2222222222222222,0
PRKCZ,0.0062820543211029,0.0563636363636363,0.4154078549848942,0.063487337605447,0.1289690649497444,0.2623655913978495,0
TBK1,0.000716408091138,0.0127272727272727,0.3465658475110271,0.0105258410541057,0.0293441199334366,0.0952380952380952,0
AES,0.0061999334708724,0.02,0.3749147920927062,0.011255023248531,0.0078484525182631,0.2181818181818181,0
CREBBP,0.0848028402549547,0.1763636363636363,0.4897595725734639,0.121730427865481,-0.0644285942724534,0.1277920962199312,0
CTBP1,0.003623902597519,0.0418181818181818,0.3973988439306358,0.0323693403793841,-0.0433830280385839,0.3201581027667984,0
HDAC1,0.0402443565180352,0.1181818181818181,0.4530477759472817,0.0701804288391222,0.0689319165913742,0.1557692307692307,1
LEF1,0.0005995149920689,0.02,0.3764544832306639,0.0181298874768064,-0.0132372169613424,0.4,1
PRMT1,0.0006133727681005,0.0054545454545454,0.2992383025027203,0.0014967878178459,0.0088172488165157,0.0,0
RELA,0.0463726044262769,0.109090909090909,0.4575707154742096,0.0777228855407391,0.1546903956906253,0.1418079096045197,1
TLE1,0.0,0.0018181818181818,0.2728174603174603,0.0002933859994083,0.0100055733992391,0.0,0
AIP4,0.002315387055777,0.0236363636363636,0.3703703703703703,0.0212890491921025,-0.0060285219642738,0.1538461538461538,0
ARRB1,0.0001246252066136,0.0072727272727272,0.3109101187111362,0.0023526140432402,0.0132365400231684,0.1666666666666666,0
ARRB2,0.0022399217438715,0.02,0.3674014696058784,0.0134501978347636,0.0614630603413173,0.109090909090909,0
HGS,0.0099046764595518,0.0509090909090909,0.4,0.0404221367612777,0.0317727996669401,0.1878306878306878,0
JUNB,0.0027970378875531,0.04,0.3942652329749104,0.0347363405682897,0.0246218516252817,0.3463203463203463,0
KIT,0.0113787341519895,0.1181818181818181,0.4396482813749001,0.1576461087785656,0.0132300091834141,0.3379807692307692,1
MET,0.0035098294882031,0.0709090909090909,0.3997093023255814,0.1119448080241491,-0.0626331327084753,0.5222672064777328,1
NUMB,0.0001526694497691,0.0072727272727272,0.3040353786622443,0.0017445764888788,0.0094294060154272,0.0,0
SMAD3,0.0450999490958864,0.1672727272727272,0.4774305555555556,0.1085245160361938,-0.054196620250065,0.126134734830387,1
SMAD7,0.0010232961943405,0.0218181818181818,0.3599476439790576,0.0147948917872324,-0.0156076936670704,0.2424242424242424,1
AKAP95,0.0002178379992674,0.009090909090909,0.3303303303303303,0.0040505272940324,0.0014665703844705,0.0,0
CASP3,0.0124247431839255,0.08,0.4185692541856925,0.0756930625708405,-0.0056438325923972,0.2019027484143763,1
CCNE1,0.0021557302340951,0.0363636363636363,0.3843466107617051,0.0256936371081364,-0.03036493179058,0.2684210526315789,0
PRKAR2A,0.0014258079120811,0.0181818181818181,0.34375,0.0071708146874106,0.0090475357394017,0.0888888888888888,0
NRAS,0.0146441658323897,0.0654545454545454,0.4011670313639679,0.0504036443036287,0.1892125400578105,0.160427807486631,1
PRKCI,0.0032040364199365,0.0472727272727272,0.4023408924652524,0.0489067744615584,0.1314830516478269,0.243076923076923,0
STAT3,0.0212087403267011,0.1218181818181818,0.4594820384294068,0.1607720903519148,0.0147402214706338,0.316146540027137,1
STAT5B,0.0201462756940646,0.1272727272727272,0.4606365159128978,0.1646042600293991,0.078721204385245,0.3026915113871635,1
AML1,0.0017397073235376,0.0109090909090909,0.3036996134732192,0.0015302548128351,0.023930842012144,0.1333333333333333,0
CTCF,0.0002504998012308,0.0054545454545454,0.303030303030303,0.0017493874799866,0.0109511118629866,0.3333333333333333,0
HAT1,0.0001326084515312,0.0054545454545454,0.2571294997662459,0.0001073248796866,0.0166873096132241,0.0,0
NCOR1,0.0044752741817208,0.0254545454545454,0.3467843631778058,0.0042133091550187,0.0218922621298584,0.0769230769230769,0
PPP2CA,0.0130066730409175,0.0345454545454545,0.3925767309064953,0.0501284566990205,0.0667047515758028,0.3742690058479532,0
RUVBL1,0.0002446555087926,0.009090909090909,0.2922422954303932,0.0005014264729491,0.0188857931823183,0.2,0
TBP,0.0047748021520824,0.0272727272727272,0.3279666070363745,0.002004510416209,0.0119799102831222,0.0952380952380952,0
ANAPC2,0.0045266618557722,0.029090909090909,0.3307276007215874,0.0032290727730852,-0.1233111329774074,0.3,0
ANAPC4,0.003645301614881,0.0272727272727272,0.3279666070363745,0.0032036638628843,-0.121791586954437,0.3428571428571428,0
ANAPC5,0.0016033406919719,0.0145454545454545,0.3443957420162805,0.0099998037916724,-0.0385368867618046,0.3214285714285714,0
ANAPC7,0.0,0.0036363636363636,0.2487562189054726,0.0001676828936911,-0.0152895438457716,1.0,0
CCNB1,0.0117215036495756,0.06,0.4032258064516129,0.0245057899234386,-0.1427510195855212,0.1041666666666666,1
CDC16,0.0052740821716099,0.029090909090909,0.3701211305518169,0.0128701524322627,-0.1397550095119377,0.2166666666666666,0
CDC27,3.843740672537223e-05,0.0072727272727272,0.2651880424300868,0.0003768339677834,-0.0314815561740601,0.5,0
CDK2,0.0129931708687785,0.0672727272727272,0.4195270785659801,0.043270675227364,-0.2033200129692315,0.2087087087087087,1
FZR1,0.0030228048810723,0.029090909090909,0.3443957420162805,0.0064875335234995,-0.1311870767510946,0.2916666666666667,0
PSMB5,1.680958603137917e-05,0.009090909090909,0.2875065342394145,0.0006429359216802,-0.0368592726089781,0.8,0
PSMC2,0.0065996269431297,0.0345454545454545,0.3669112741827885,0.0070887539313987,-0.1265568629415499,0.3040935672514619,0
PSMC3,0.000371051301467,0.0181818181818181,0.3038674033149171,0.001007492561636,-0.063120768025534,0.7111111111111111,0
PSMD1,0.0012183869149307,0.0218181818181818,0.3162737205290397,0.0015324940265046,-0.0637773619184604,0.5454545454545454,0
PSMD12,0.0059920550673117,0.04,0.3489847715736041,0.007329065214845,-0.10186312800305,0.3116883116883117,0
PSMD13,0.000236538061424,0.0218181818181818,0.3055555555555556,0.0012636850289636,-0.0745419495427567,0.6363636363636364,0
UBE2E1,0.0018614791438291,0.009090909090909,0.3353658536585366,0.003128614801821,-0.0177715694013391,0.1,0
SMAD1,0.0076118723131485,0.0890909090909091,0.4224270353302611,0.058469288792859,-0.0771947910759746,0.1785714285714285,0
SMAD2,0.0387318290160777,0.1727272727272727,0.4741379310344827,0.1201888375301325,-0.0892721178222339,0.1408734602463605,1
TGFB1,0.0048798454444135,0.049090909090909,0.3931379556826304,0.0486572864539691,-0.0223102527667818,0.2763532763532763,1
AO7,0.0014420584770514,0.009090909090909,0.3277711561382598,0.0023014896510645,0.0355750862952591,0.1,0
CDC34,0.0009767797430522,0.0127272727272727,0.3374233128834356,0.0036364247292483,0.0273217043452061,0.238095238095238,0
NKD1,0.008168194540151,0.0254545454545454,0.3461296412838263,0.0060927598627508,0.0556003952699826,0.1758241758241758,0
RNF4,0.0002414716165202,0.0072727272727272,0.2819067145053818,0.0003520147621317,0.0122723656321678,0.0,0
UBE2D1,0.0002072068965223,0.0072727272727272,0.2908514013749338,0.0004868341715655,0.0136587205404811,0.0,0
AP2,0.0,0.0018181818181818,0.3208868144690782,0.0049437918829647,0.0206632393035809,0.0,0
APC,0.0088611531377985,0.0545454545454545,0.4050073637702504,0.0431184127815635,-0.0125713582914379,0.1540229885057471,1
APH1A,0.0015106263722224,0.0272727272727272,0.3456945317410433,0.0047831885985342,-0.0440942965045991,0.3714285714285714,0
PLD1,0.0004394817982366,0.0127272727272727,0.3220140515222482,0.0057283807444263,0.0078872340503541,0.1904761904761904,0
PSEN2,0.0018719519558437,0.0272727272727272,0.3592423252775963,0.0097374901049218,-0.0344039094782305,0.3047619047619048,0
TRAF6,0.0147433427341255,0.0563636363636363,0.3647214854111406,0.0080156257464508,-0.0590859306372639,0.1118279569892473,0
APH2,0.0009904387383382,0.0236363636363636,0.3424657534246575,0.0046333445095141,-0.0387507093304199,0.3846153846153846,0
APPL2,0.0021921910395376,0.0181818181818181,0.3376304481276857,0.0049749320074997,0.0530668080012413,0.2,0
AKT2,0.0001171163838637,0.0072727272727272,0.2931769722814499,0.0014734989203266,0.0227378055368298,0.0,1
HDAC2,0.0150308318934554,0.0763636363636363,0.4358161648177496,0.050241227969147,0.0568819696824568,0.1904761904761904,1
HNF4A,0.0003876350941273,0.0072727272727272,0.3347534996956786,0.0034540114196152,0.0071667041481094,0.1666666666666666,1
MTA2,0.0031276886366919,0.0145454545454545,0.3384615384615385,0.0054817661420164,0.0397971171477232,0.4285714285714285,0
PIK3CB,0.0016444354037598,0.0218181818181818,0.3683858004018754,0.031139849105223,0.0604575235460227,0.303030303030303,0
RBBP7,0.0009892924706032,0.009090909090909,0.2878074306645735,0.0006817711868406,0.0295850135458536,0.3,0
ARA55,0.0075679775309034,0.0381818181818181,0.383008356545961,0.034200098962941,0.002330229787679,0.1476190476190476,0
GIT1,0.0012266471141425,0.0218181818181818,0.3635161929940516,0.0187390122211959,-0.0276659329114292,0.1969696969696969,0
NCOA2,0.0003162934222698,0.009090909090909,0.3409795412275263,0.0051409313970873,0.0098746422874612,0.1,0
NCOA3,0.0033734014396711,0.0381818181818181,0.3931379556826304,0.0288790772564027,-0.0411993800753932,0.2809523809523809,0
PAK1,0.0022345222441513,0.0309090909090909,0.3698722259583053,0.0201336567803392,0.0518825538608965,0.1617647058823529,0
PTK2,0.0015391762374818,0.06,0.3900709219858156,0.1081699393498217,-0.0445521806882939,0.6723484848484849,1
PTPN12,0.0007106227149812,0.0363636363636363,0.3774879890185312,0.067339300836638,-0.0036873926748524,0.631578947368421,0
PXN,6.611470540229049e-05,0.009090909090909,0.3060656649972176,0.0039561187868056,0.0204174653791211,0.1,1
RHOA,0.001502278729258,0.0254545454545454,0.363036303630363,0.0177020142062704,0.0158063764574448,0.1978021978021978,1
SPDEF,4.954555878769353e-05,0.0054545454545454,0.2854177477944992,0.0010755091671426,0.0142928121823641,0.0,0
SVIL,0.0023887524544917,0.0236363636363636,0.3666666666666666,0.0239022322268928,0.004750830110883,0.2307692307692307,0
TGFBR2,0.0010247783753255,0.0254545454545454,0.3838101884159107,0.0254374431455294,-0.0389443481600362,0.3956043956043956,1
TRAF4,2.7440714507440127e-05,0.0036363636363636,0.2863092139510672,0.0010875556023004,0.0132676754665056,0.0,0
ARA70,0.001469610187464,0.0163636363636363,0.3357753357753357,0.0045981185714472,0.0358017212646429,0.0277777777777777,0
HRAS,0.0010361460903454,0.02,0.3266033254156769,0.0063992183507865,0.0598025776394505,0.1272727272727272,1
PAK6,7.966070610226846e-05,0.0072727272727272,0.3141062250142775,0.0031833100103187,0.0311883284839176,0.3333333333333333,0
ARA160,0.0005907707946195,0.009090909090909,0.3173687247547605,0.0024610133239733,0.012588889297192,0.0,0
PIAS1,0.0026113817946324,0.0327272727272727,0.3832752613240418,0.0293907484172731,-0.0184314863946404,0.2418300653594771,0
SMARCA4,0.0033540597678103,0.0254545454545454,0.3461296412838263,0.0065329443389005,0.039932705224261,0.1208791208791208,0
ARAF1,0.0001274077680482,0.009090909090909,0.3089887640449438,0.0037484827992048,0.0492083324245519,0.2,0
PRKCD,0.0007675258454481,0.0145454545454545,0.3431066749844042,0.0104408223509239,0.0275640265560826,0.0714285714285714,0
ARF4,0.0001282601055842,0.0054545454545454,0.2846790890269151,0.0015619333076337,0.0090069032849039,0.0,0
PLD2,0.0089236380654995,0.0309090909090909,0.3764544832306639,0.0364764629403471,0.0065565185854263,0.2647058823529412,0
ARNIP,0.0002351828512537,0.0109090909090909,0.3060656649972176,0.0045000913794107,0.0253504332515542,0.0,0
CAV1,0.0015027286262082,0.0345454545454545,0.3744043567052416,0.0591750415278007,0.0088403200511001,0.5380116959064327,1
DVL3,0.0032982471242666,0.0254545454545454,0.3587736464448793,0.0076820391418567,0.0676371516694653,0.2197802197802197,0
ASE1,0.0006110658473112,0.009090909090909,0.3117913832199546,0.0015360265854086,-0.0307330465317907,0.2,0
ATF1,0.0037807502055044,0.0309090909090909,0.3790489317711922,0.0261858677836953,0.0174441372696232,0.3088235294117647,0
CAPN3,0.0002276862196492,0.0054545454545454,0.3206997084548105,0.0029151254280688,0.0304265135117365,0.0,0
KPNA2,0.0025338750009052,0.0636363636363636,0.4119850187265917,0.0516849823718696,-0.042501051565898,0.2840336134453781,0
STAT1,0.0254965962017612,0.1690909090909091,0.4766031195840554,0.1889164805770216,-0.059133901162743,0.233286582515194,1
TCF3,0.0096364199524222,0.0781818181818181,0.4224270353302611,0.0586101098893695,-0.1326287773162409,0.2447397563676633,0
YY1,0.0011855783275262,0.0181818181818181,0.3642384105960264,0.0113262459795635,0.0152534197809549,0.2666666666666666,0
ATF3,0.0001272064257131,0.0072727272727272,0.329736211031175,0.0056547273627229,0.0401059337348357,0.3333333333333333,0
FOSB,2.956047503343781e-05,0.009090909090909,0.3150057273768614,0.0037376672722972,0.0332414309034329,0.6,0
AXAM2,0.0023216704454249,0.02,0.3416149068322981,0.0049162028415529,0.0407552066859789,0.1454545454545454,0
AXIN1,0.005362103263121,0.0345454545454545,0.3937007874015748,0.0259166036031648,-0.0012199341774895,0.1812865497076023,1
DVL1,0.0196111644510747,0.0436363636363636,0.3625576796308503,0.0077323079772841,0.0698472353114563,0.1195652173913043,1
DVL2,0.0014240520382079,0.02,0.3260225251926497,0.0023617860407843,0.0600859064403851,0.3090909090909091,0
KPNB1,0.0044583212261896,0.0345454545454545,0.3979739507959479,0.0282795035294045,0.003038775421802,0.2339181286549707,0
NUP153,0.0031705517577792,0.04,0.3991291727140784,0.0391848323579639,0.0494891449252473,0.2121212121212121,0
PML,0.0010998432771467,0.0109090909090909,0.3523382447149263,0.0065057890680716,0.0122638381557089,0.2666666666666666,0
SUMO1,0.0061477359616887,0.0218181818181818,0.3303303303303303,0.0037254499986839,0.0414283596384027,0.0757575757575757,0
SUMO2,0.0009647976721368,0.0145454545454545,0.3299340131973605,0.0035988218753046,0.026468074285115,0.1071428571428571,0
JUP,0.0047901439164292,0.0363636363636363,0.4017531044558071,0.0353336120469725,0.0444277769727891,0.2157894736842105,0
SMURF2,0.0009861527193881,0.0236363636363636,0.3795721187025535,0.0180047414181599,-0.0276323050869504,0.4871794871794871,0
TGFBR1,0.0067862149651126,0.0727272727272727,0.4280155642023346,0.0632258370483921,-0.0193512789137219,0.2358974358974359,1
BAE53A,0.0022843714974045,0.0163636363636363,0.3117913832199546,0.0019052257384948,0.0211499591001159,0.2222222222222222,0
SMARCB1,0.002401441837173,0.0272727272727272,0.3525641025641026,0.0067586399404046,0.0190636726802276,0.219047619047619,0
SMARCC1,0.0021210573414486,0.029090909090909,0.3594771241830065,0.0119178958005033,0.0096030060374406,0.1916666666666666,0
SMARCC2,0.0003995217933913,0.0145454545454545,0.3155479059093516,0.0021230651225533,0.0262041185968334,0.3214285714285714,0
SMARCE1,0.0003631404900852,0.0072727272727272,0.3184713375796178,0.0021051982173112,0.0206664288032074,0.3333333333333333,0
BAG1,3.6841194169004383e-05,0.0054545454545454,0.3089887640449438,0.0020107292040659,0.0176614835797818,0.3333333333333333,0
HSPA8,0.0063154339483401,0.0436363636363636,0.3962536023054755,0.0459843960660862,0.0498801392056901,0.2065217391304347,0
CASP8,0.0043642624378421,0.0436363636363636,0.3819444444444444,0.0326275567263934,-0.0254674248383348,0.3442028985507246,1
CBLB,0.0021002390626269,0.0854545454545454,0.4041146216017634,0.1344064808080482,-0.0719464182794478,0.5272895467160037,0
CDC2,0.000553360595532,0.0236363636363636,0.3751705320600272,0.0300691227277562,-0.0303489520009999,0.3461538461538461,0
EPOR,4.801888352047988e-05,0.049090909090909,0.390625,0.1038177889281755,-0.005532627166509,0.8774928774928775,0
EPS15,0.0029762101367493,0.0327272727272727,0.3696236559139785,0.027647732772821,0.0498162406270023,0.1895424836601307,0
IQGAP2,0.0004847137668471,0.0163636363636363,0.3642384105960264,0.0191420913737555,0.0301146282389815,0.2777777777777778,0
ITGB4,0.0031183742139882,0.0254545454545454,0.356448476992871,0.0356504687476736,0.0052531185100157,0.4395604395604395,0
NCK2,0.0031123442956383,0.0709090909090909,0.4029304029304029,0.1240645557472793,-0.030117835087016,0.582995951417004,0
PIK3R2,0.0016622602266765,0.0818181818181818,0.4095309009679821,0.1409445503432335,-0.0455396096709578,0.5797979797979798,0
SNX2,0.000125837416836,0.009090909090909,0.3291442250149611,0.0125487708481776,0.0299386716792168,0.3,0
SOS1,0.003449354627411,0.0781818181818181,0.4038179148311306,0.1086701861954256,-0.0188550779683758,0.4130675526024363,0
WASL,0.0070809664999545,0.0872727272727272,0.4086181277860327,0.1110674844201122,-0.0274436592698248,0.3421985815602837,0
BCL3,0.00081709491834,0.0127272727272727,0.3386699507389162,0.0044225890254394,0.0351288964286053,0.4285714285714285,0
RELB,0.0108576092890221,0.049090909090909,0.3988397389412618,0.0413936297049186,0.0757206629050465,0.2706552706552707,0
BCL7A,0.0036363636363636,0.0036363636363636,0.267639902676399,0.0002090863211594,0.0042769776751794,0.0,0
PDCD2,0.0,0.0018181818181818,0.2112135176651305,5.450277439801249e-06,0.0096484259149307,0.0,0
BPAG1,0.0002312982426448,0.0072727272727272,0.3315250150693188,0.0043395408990823,0.0181024804033447,0.0,0
HDAC6,0.0041917099472419,0.0163636363636363,0.3403465346534653,0.003676714206219,0.016132389449355,0.0555555555555555,0
BPAG2,0.0053361197021338,0.0127272727272727,0.3317249698431845,0.0035145723846134,0.0290544002548725,0.0,0
CD151,0.0,0.0018181818181818,0.2492070684186678,9.161476691638086e-05,0.0121261681729,0.0,0
CTNND1,0.0002563660991178,0.0054545454545454,0.2947481243301179,0.0014502996224282,0.0155986932060401,0.0,0
DSP,0.0003626211650457,0.009090909090909,0.3307276007215874,0.0038249658074523,0.0205617915147216,0.1,0
ITGA6,8.291588031749865e-05,0.0054545454545454,0.2816180235535074,0.0005093112762563,0.015010274534677,0.0,0
BRCA1,0.0154826576377448,0.0709090909090909,0.4310344827586206,0.0691505726148677,-0.0197898024964571,0.2537112010796221,1
CCNB2,0.0046545658361814,0.0418181818181818,0.3681392235609103,0.0158522966657172,-0.1501024258914803,0.2015810276679842,0
CCNH,0.0049445373296782,0.0254545454545454,0.3664223850766155,0.0128046663953738,-0.0994522541853278,0.1758241758241758,0
CDC25C,0.0034718347800803,0.0309090909090909,0.373134328358209,0.0167035742022947,-0.0681253613042588,0.1985294117647058,1
CDK4,0.0040024233400149,0.0418181818181818,0.3862359550561798,0.0261260580815729,-0.0640125901552574,0.2845849802371542,1
PCAF,0.0014065257107731,0.0309090909090909,0.389242745930644,0.03147762998899,-0.0321941871165471,0.3455882352941176,0
POLR2H,0.0207901482534537,0.0181818181818181,0.3546099290780142,0.009413203733599,0.0173377767266961,0.1777777777777777,0
SP1,0.0133214757900269,0.0636363636363636,0.4141566265060241,0.0394545812779349,0.0573855852988518,0.1831932773109243,1
BTRC2,0.0023663181636646,0.0163636363636363,0.3363914373088685,0.0039354784781702,-0.013162091988665,0.25,0
CUL1,0.0053724054659892,0.0309090909090909,0.3754266211604095,0.0084883446763494,-0.0580685135605352,0.1617647058823529,0
FBXW7,0.0005260270951578,0.0109090909090909,0.2958579881656805,0.0007079269923313,-0.006652184388065,0.4,1
GSK3B,0.0025312744950837,0.0181818181818181,0.3390875462392108,0.0032605092453599,0.0298736203887964,0.0666666666666666,1
RBX1,0.0038081868023562,0.0181818181818181,0.311614730878187,0.0010001584742839,-0.0167150062526745,0.1777777777777777,0
SKP1,0.0025711147768472,0.0236363636363636,0.3546099290780142,0.0052067839857653,-0.0698085792709909,0.2307692307692307,0
UBE2L3,0.0001501642288094,0.0054545454545454,0.2806122448979591,0.0003536122723409,0.0102275744057992,0.0,0
CAMK2G,3.755575446039502e-05,0.0036363636363636,0.3117913832199546,0.0043089772007724,0.0046265995113169,0.0,0
CAMK2D,0.0011150719017406,0.0181818181818181,0.3761969904240766,0.025776463083998,0.0127622777946984,0.3111111111111111,0
RPL8,0.0088210698090524,0.02,0.352112676056338,0.0079227741904027,0.0399233206829889,0.109090909090909,0
CASP2,0.002153580598694,0.0363636363636363,0.3870513722730471,0.0169729709315636,-0.0402111350971681,0.3631578947368421,0
CASP9,0.0019022651535262,0.04,0.39568345323741,0.0345135279587401,-0.0186429922573303,0.3636363636363636,1
CDK7,0.0056416538234891,0.029090909090909,0.3754266211604095,0.0110199887102197,-0.1083411067412073,0.2083333333333333,0
FADD,0.0102870133867747,0.0563636363636363,0.4071058475203553,0.0392089333164652,-0.0256843866476121,0.2559139784946236,1
TRADD,0.0123522801923045,0.0709090909090909,0.4095309009679821,0.0345941637195237,-0.063137895347787,0.2064777327935222,0
CASP7,0.0003654839657824,0.0109090909090909,0.3365973072215422,0.0116567409410423,0.005275876613263,0.3333333333333333,1
MEF2C,0.0005069451765892,0.02,0.3736413043478261,0.0174177824747132,0.0085976576014682,0.2909090909090909,0
STUB1,0.0009969108896005,0.0218181818181818,0.3557567917205692,0.0149037608879487,-0.0079418513044019,0.1818181818181818,1
ERBB2,0.0085195213736739,0.0890909090909091,0.4147812971342383,0.122037660123683,0.0005790584612765,0.3826530612244898,1
DAB2,0.0016435837982213,0.0327272727272727,0.3780068728522336,0.0537612646875727,-0.0490215215855634,0.4444444444444444,0
GRB14,3.9509271605906644e-07,0.0236363636363636,0.364963503649635,0.0519894148673098,0.0182430763655607,0.9871794871794872,0
GRB7,0.0001295390380402,0.0381818181818181,0.3723764387271496,0.0713135137903957,-0.0009227460667803,0.7571428571428571,0
HD,0.0004261205508387,0.0272727272727272,0.3862359550561798,0.0399767225601892,-0.0487479737503557,0.4095238095238095,0
PARD3,1.118300466653817e-06,0.0072727272727272,0.3303303303303303,0.0100131716749007,0.0435074479909758,0.8333333333333334,0
PTK6,0.0007335738785101,0.0654545454545454,0.402046783625731,0.1196839481270119,-0.0710405589514004,0.7095238095238096,0
SOCS1,0.0011941180397655,0.0327272727272727,0.3749147920927062,0.0647078202763464,0.0180473598392142,0.7581699346405228,1
SOS2,6.125406452082399e-05,0.0218181818181818,0.3523382447149263,0.0357068882277387,-0.0035119035573881,0.6515151515151515,0
TEC,0.0048421719326762,0.0963636363636363,0.4266873545384018,0.1471796422235044,-0.0403681871153291,0.4419448476052249,0
VAV2,1.6294251648070214e-05,0.0218181818181818,0.3435352904434728,0.039556740269631,-0.0505975667251236,0.803030303030303,0
CEBPA,0.0004202306934845,0.0272727272727272,0.3803596127247579,0.0409958807827753,-0.0131810821749895,0.4476190476190476,0
E2F4,0.0001244198741743,0.0054545454545454,0.289321409784324,0.000746407414461,-7.802721919760705e-06,0.3333333333333333,0
ID2,0.0010793874347635,0.0254545454545454,0.3713706954760297,0.013701042215063,-0.0952479896044207,0.4175824175824176,0
MCM7,0.0020348658759599,0.02,0.3492063492063492,0.0061540609161314,-0.0705186202434019,0.3272727272727272,0
MYB,0.0007005079544396,0.0272727272727272,0.3914590747330961,0.0297996178383819,-0.0137682511021644,0.4476190476190476,0
FOXO1A,0.000459839506248,0.0236363636363636,0.3772290809327846,0.0221906902186655,-0.0759567468129637,0.3717948717948718,0
HES1,0.0052336748680139,0.0418181818181818,0.3875968992248062,0.0345054874917495,-0.0710274894525642,0.2094861660079051,0
PKN1,0.0011985895593489,0.0181818181818181,0.3708698583951449,0.0106056402863107,0.0087818149684547,0.1333333333333333,0
RAC1,0.0104969646912155,0.0581818181818181,0.4122938530734633,0.0562819566360074,0.0320463697912453,0.1491935483870967,0
RGS16,6.903187522540846e-05,0.009090909090909,0.3359804520464264,0.0060935762734243,0.0394713402415784,0.3,0
CDKN1A,0.0013522983503649,0.0272727272727272,0.3536977491961415,0.0088799411407947,-0.0593295725579665,0.2761904761904762,1
ETS1,0.002937359819164,0.04,0.4002911208151383,0.0479083499218001,0.0081138815300805,0.4069264069264069,1
ID3,0.0012398208023752,0.0254545454545454,0.3562176165803108,0.0088115463477319,-0.0955956767678883,0.4285714285714285,0
MCM5,0.0019027131326816,0.0181818181818181,0.3620803159973667,0.0124344037428967,-0.0728486095128101,0.4,0
RBL2,0.0006832337885423,0.0163636363636363,0.36112934996717,0.0104670932442237,0.0473353354349968,0.1944444444444444,0
RPS11,0.0007010886775603,0.0054545454545454,0.2923976608187134,0.0006957329844319,-0.0040805698514951,0.0,0
DYRK1A,0.0001018653757653,0.0163636363636363,0.3557567917205692,0.0157514677611601,-0.0012562894768003,0.5,0
ITGB4BP,0.0084472399982751,0.0145454545454545,0.3018660812294182,0.001164867914535,-0.0031459095095921,0.0357142857142857,0
MMP7,0.0036363636363636,0.0036363636363636,0.275827482447342,0.0010276518339319,0.014455310939986,0.0,1
PIN1,2.0611979823385178e-05,0.0036363636363636,0.2922422954303932,0.0006830779579895,0.0088144574647982,0.0,0
CDC37,0.0002779190102596,0.0109090909090909,0.3376304481276857,0.005022072582091,0.0271390995416505,0.2666666666666666,0
TNK2,0.0006780575378067,0.0309090909090909,0.3654485049833887,0.0436515060466661,-0.0045299332239461,0.4485294117647059,0
CDK6,9.397725733355468e-05,0.0109090909090909,0.3435352904434728,0.0096799248647211,-0.0197318686004854,0.6666666666666666,1
PRKACA,0.0101103073695605,0.0363636363636363,0.3962536023054755,0.0253010455742701,0.1115759645918951,0.1631578947368421,0
SIN3A,0.0022790575411106,0.0254545454545454,0.3459119496855345,0.0074897626722684,0.0396584275812534,0.1648351648351648,0
FRAP1,0.0,0.0018181818181818,0.2730883813306852,0.0002872593267755,-0.0016133825267079,0.0,0
CDX1,0.0036363636363636,0.0054545454545454,0.3305288461538461,0.0032654161639365,0.004461224191636,0.3333333333333333,1
CEACAM1,4.532949533727371e-06,0.0109090909090909,0.344180225281602,0.0229112297852143,0.0388250490019369,0.8,0
CHK,0.0016656633529642,0.0181818181818181,0.3315250150693188,0.0047196363418064,-0.023408853747376,0.2,0
CSNK1D,0.0003908832714129,0.0127272727272727,0.2843846949327818,0.0006175879127927,0.0304215323535101,0.2857142857142857,0
CIAP1,0.0010298704824833,0.0272727272727272,0.3557567917205692,0.0106833019633843,-0.0312905958583377,0.2285714285714285,0
CYLD,7.127548115610148e-05,0.009090909090909,0.3013698630136986,0.0017121805658249,-0.0013541938454366,0.0,0
TRAF1,0.0086898313294829,0.049090909090909,0.3937007874015748,0.0233546453270865,-0.0762415901410736,0.2307692307692307,0
CIAP2,0.0008776754610967,0.029090909090909,0.3613666228646517,0.0126609685755258,-0.0347511102390741,0.25,0
CIN85,0.0073080083112227,0.0327272727272727,0.3688799463447351,0.0350952827487938,0.0127038031270755,0.2287581699346405,0
AP2A1,2.8920326707614243e-06,0.0036363636363636,0.2728174603174603,0.001288215873017,0.0125631724139233,0.0,0
AP2B1,0.0001836429642283,0.0072727272727272,0.294275013376137,0.0017596489194959,0.0193368701481805,0.1666666666666666,0
MAP3K4,0.0024451347317422,0.0218181818181818,0.3420398009950249,0.0075212633810298,0.0381392434032492,0.0757575757575757,0
SPRY2,0.0003040990465262,0.0054545454545454,0.2741774675972084,0.0012952431240629,0.0135875386265909,0.0,0
CIR,0.0022683685839578,0.0145454545454545,0.3343465045592705,0.0039602353426295,0.0239275697840562,0.2142857142857142,0
SAP18,2.0168264468563837e-05,0.0036363636363636,0.2640422467594815,0.0002260666380377,0.0133238850320406,0.0,0
SNW1,0.0049031660115846,0.029090909090909,0.3764544832306639,0.0129118718447083,-0.0341534348174021,0.225,0
CK2A1,0.005706286883657,0.0254545454545454,0.3726287262872628,0.0108781824878109,0.0769876201599973,0.2307692307692307,0
CK2A2,0.003384423858574,0.02,0.3701211305518169,0.0095010105878325,0.0640626544781135,0.2,0
CK2B,0.0010469131824901,0.0145454545454545,0.3065774804905239,0.001316759402484,0.0324391312903415,0.0357142857142857,0
FAF1,0.0030065715817605,0.0127272727272727,0.3450439146800502,0.0062551984669355,0.0264602648105316,0.1904761904761904,0
MBP,0.0009346187239753,0.0145454545454545,0.3583061889250814,0.0076471028415283,0.0383207023249788,0.0,0
MTIF2,5.887197139172261e-05,0.0036363636363636,0.2759658805820371,0.0011376815770218,0.0144219350780667,0.0,0
CLCA1,4.911343643177448e-05,0.0054545454545454,0.3065774804905239,0.0022530146405466,0.017009940506395,0.0,0
CLTC,0.0048917797673695,0.0309090909090909,0.3816793893129771,0.0195845639779546,0.0305077785458047,0.1470588235294117,0
PAPOLA,0.0005859481224216,0.02,0.3856942496493689,0.0255599070231911,0.0266580412339456,0.3818181818181818,0
COPS3,0.0013944326433905,0.0163636363636363,0.3470031545741325,0.008322625606075,0.0210578791884583,0.1944444444444444,0
COPS5,0.0004947836350497,0.0145454545454545,0.3548387096774194,0.0097760461892659,-0.0277011629800702,0.3571428571428571,0
PSMD4,0.0081637218471014,0.0309090909090909,0.3726287262872628,0.0096391486530026,-0.0392922100862576,0.2647058823529412,0
CREB,0.0017954983393823,0.0181818181818181,0.3583061889250814,0.0096724040403066,0.0334673503058217,0.2,0
ATF2,0.0001780702373155,0.009090909090909,0.3098591549295774,0.0015145522072903,0.0161919008490569,0.2,0
JUND,0.0019150131173912,0.0272727272727272,0.3819444444444444,0.0233622021234861,0.0206407922565873,0.419047619047619,0
CITED1,0.0,0.0018181818181818,0.3289473684210526,0.0031731612142495,0.0027778687201674,0.0,0
E2F5,0.0016619158545431,0.0163636363636363,0.3559870550161812,0.0107324963591568,0.0011777586701484,0.2222222222222222,0
MAML1,0.0036820326475269,0.0309090909090909,0.3693754197447951,0.0107785116345594,-0.0517328784948928,0.2647058823529412,0
SMAD4,0.0025057495686816,0.0418181818181818,0.4002911208151383,0.0375960096962263,-0.0057021045358002,0.3438735177865613,1
SNIP1,3.330816144605144e-05,0.0036363636363636,0.3315250150693188,0.0035503645672169,0.0062189179831854,0.0,0
STAT2,0.001594765309139,0.0545454545454545,0.4098360655737705,0.0936908498233451,-0.0465434694509694,0.5494252873563218,0
VDR,0.0017267960246398,0.0309090909090909,0.389242745930644,0.0447115745016742,0.0004294432371893,0.4779411764705882,1
GLG1,0.0,0.0036363636363636,0.3130335799658509,0.0068209887273677,0.0046604408295966,1.0,0
SOCS5,0.0,0.0127272727272727,0.3463476070528967,0.0291853401722086,0.0022391791368121,1.0,0
CRM1,0.0006146606642057,0.0218181818181818,0.3865073787772312,0.0192360998264015,0.0044200886641302,0.2727272727272727,0
PIK3CD,0.0015882436993159,0.0254545454545454,0.3741496598639456,0.0267380585726684,-0.0486924050045247,0.3516483516483517,0
PRKAR1A,8.668681444662878e-05,0.0109090909090909,0.3359804520464264,0.0103708134957801,0.0227127663990598,0.2,0
DCP1A,0.0004523058789661,0.0072727272727272,0.3069196428571428,0.0050353318438407,0.0190446197475912,0.0,0
IKBKAP,3.827391130242615e-05,0.0054545454545454,0.2702702702702703,0.0006527958866303,0.020626725456164,0.3333333333333333,0
DAXX,0.0014826713185386,0.0254545454545454,0.3798342541436464,0.0200250602778328,-0.0354588618362374,0.3516483516483517,0
SPEN,0.0003268396026835,0.02,0.3696236559139785,0.018739939472955,-0.0217711873379927,0.5272727272727272,0
ZFHX1B,0.0002840097262235,0.0254545454545454,0.3656914893617021,0.0183807821409814,-0.0181656120125164,0.4835164835164835,0
CTBP2,0.0003509350499136,0.0109090909090909,0.3313253012048193,0.0046129098796517,0.0161524426752192,0.2666666666666666,0
PSMD7,0.0001984554867183,0.0163636363636363,0.3084688726864834,0.0010455299433724,-0.050684643566203,0.75,0
DAP,0.0001114101845058,0.0054545454545454,0.2984264785675529,0.0012172231884554,0.0078467857722574,0.0,0
TNIP1,0.0001708617403,0.0054545454545454,0.2989130434782608,0.0009810139912495,-0.0003188752596497,0.0,0
DDEF1,0.0014785300399525,0.0181818181818181,0.3372164316370325,0.0221885986155224,-0.0093885796255493,0.3111111111111111,0
REPS2,3.80479960215256e-05,0.0054545454545454,0.3086419753086419,0.004715071155486,0.0075391149429572,0.0,0
DDX3,0.0006195643795396,0.0109090909090909,0.3233392122281011,0.0025779386555484,0.0103434557054401,0.1333333333333333,0
DNM,0.0028651566097539,0.0272727272727272,0.3590078328981723,0.0189724128198946,0.008595679767841,0.1619047619047619,0
FZD1,0.000148694365103,0.0072727272727272,0.2774974772956609,0.000473279288962,0.0270625744736869,0.5,0
FZD4,3.20798123174868e-05,0.0054545454545454,0.2701375245579567,0.000258186874757,0.0223246846693221,0.3333333333333333,0
FZD5,0.0,0.0018181818181818,0.2662149080348499,0.0002015589709194,0.0162054516785584,0.0,0
FZD6,2.1866163818482583e-05,0.0072727272727272,0.2761044176706827,0.0004749495174996,0.0292710709251459,0.8333333333333334,0
LRP6,0.0,0.0018181818181818,0.2662149080348499,0.0002015589709194,0.0162054516785584,0.0,0
VANGL2,0.0021202724185657,0.02,0.3235294117647059,0.0029097557866809,0.0433133987579354,0.3090909090909091,0
WNT5A,0.0003183374016873,0.009090909090909,0.2925531914893617,0.000686956664337,0.0294499314696801,0.4,1
E3B1,0.0008764113416418,0.0254545454545454,0.3601833660772757,0.032947237353839,-0.0068523317260112,0.3846153846153846,0
EPS8,7.236183430833349e-05,0.0054545454545454,0.3293413173652694,0.0042326689769868,0.0026560098568927,0.0,0
EBP1,0.0052904882458637,0.0181818181818181,0.3536977491961415,0.011141107494342,0.0423593448701291,0.0888888888888888,0
KPNA3,0.0001025390121307,0.0054545454545454,0.3020318506315211,0.0016285760973326,0.0206215317840936,0.3333333333333333,0
RPL30,4.938013720206091e-05,0.0036363636363636,0.2625298329355608,0.0003016228345378,0.0154807547176565,0.0,0
RPL4,0.0067579347988953,0.0163636363636363,0.3414028553693358,0.0071564821447301,0.0294513170638401,0.1944444444444444,0
EF1A,6.099086663030965e-05,0.0036363636363636,0.2745881178232651,0.0003639276881759,0.0183803448436839,0.0,0
UBE3A,0.0078131360825753,0.0236363636363636,0.344180225281602,0.004712248252237,0.0171039990622221,0.0641025641025641,0
EIF3S2,0.0003214116389018,0.0072727272727272,0.2995642701525055,0.0016391725089055,0.0125065259506723,0.0,0
FBL,0.0011068420320398,0.009090909090909,0.2701375245579567,0.0001886565379703,0.009459120791399,0.0,0
ELK1,0.0031587319976394,0.0236363636363636,0.3774879890185312,0.0251743599960569,-0.0084710105568195,0.3846153846153846,0
ELK3,0.0007343438889887,0.0236363636363636,0.3618421052631579,0.011868556319314,-0.0038035731823022,0.1538461538461538,0
ELK4,3.4811237550961624e-05,0.0036363636363636,0.2612826603325415,0.0002269563555201,0.0161727947345829,0.0,0
ENG,0.0017976685188345,0.0218181818181818,0.363036303630363,0.0159044994802007,-0.0042631641225436,0.3181818181818182,1
TGFB3,0.0,0.0036363636363636,0.2884111169375983,0.00168293957921,0.0065633864584802,1.0,0
EPS15R,0.0036692450825359,0.02,0.3454773869346734,0.0143239111772076,0.0207206395380299,0.1454545454545454,0
NUMBL,0.0020092031014481,0.02,0.3386699507389162,0.0041112904586412,-0.0196907989692441,0.1272727272727272,0
KRT8,0.0001057168225196,0.0072727272727272,0.3353658536585366,0.0076408905100542,0.0278100050932251,0.3333333333333333,1
ERK1,0.0308969898109282,0.14,0.4704875962360992,0.1392861556985298,0.106446755088258,0.1920710868079289,0
MEF2A,0.0001904379625409,0.0127272727272727,0.3764544832306639,0.0161671059763722,0.0196304260750232,0.5238095238095238,0
SF1,1.764479461206804e-05,0.0072727272727272,0.3388786198398028,0.0090773848538593,0.0426377826734106,0.5,0
TCF8,5.189323609204332e-05,0.0127272727272727,0.3604193971166448,0.0150797721100314,-0.0095000692833416,0.6666666666666666,0
ERK2,0.0031973136247549,0.0618181818181818,0.4260263361735089,0.0909371641182344,0.0254532575476426,0.392156862745098,0
ERT,0.0005536657360158,0.0145454545454545,0.3759398496240601,0.0156912073920138,0.0040137199247378,0.2142857142857142,0
FANCD2,1.0546116659707031e-05,0.0054545454545454,0.3157290470723307,0.0024619209614227,0.0046044036228841,0.3333333333333333,0
POLR1A,0.0040637562758904,0.009090909090909,0.2755511022044088,0.0002834453255812,0.0129913820206809,0.1,0
PSMD3,0.0016299571004981,0.02,0.3114382785956965,0.0014461491834432,-0.0382569270355448,0.4363636363636363,0
GJA1,6.522341784315427e-07,0.009090909090909,0.349428208386277,0.0208967518900265,0.0141682456657944,0.9,0
FKBP12,7.660319300134982e-05,0.0109090909090909,0.3713706954760297,0.0175923781280528,0.0023454929944155,0.4,0
FKBP51,0.0004821021895863,0.0072727272727272,0.3363914373088685,0.0046888762105892,-0.0100021168490081,0.1666666666666666,0
FLIP,0.0045936306973575,0.0418181818181818,0.390625,0.0189276260364232,-0.0473022786864304,0.2450592885375494,0
TRAF5,0.0001165681326578,0.0163636363636363,0.3279666070363745,0.0037698988561356,-0.0359686322269305,0.6111111111111112,0
MAP2K6,0.0013871732840024,0.0218181818181818,0.3555268261150614,0.0110615978535828,0.04609259953035,0.2727272727272727,0
FES,0.0,0.0036363636363636,0.3315250150693188,0.0091186283244253,0.013883292618966,1.0,0
VIM,0.0005548261628281,0.0127272727272727,0.3736413043478261,0.0140163034097121,-0.010087116273749,0.238095238095238,1
GAB2,0.0003786190428394,0.0145454545454545,0.3688799463447351,0.0151780486840358,0.0350361086338012,0.25,0
GAPDH ,1.536113953016243e-05,0.0036363636363636,0.2884111169375983,0.0015833981842587,0.0098271325654916,0.0,0
GAPDH  ,0.0,0.0018181818181818,0.2755511022044088,0.0004989380003036,0.0055705726752763,0.0,0
GIPC,0.0025487893046945,0.0145454545454545,0.3327283726557773,0.0068271608859344,0.0358078977236701,0.0357142857142857,0
GP130,4.146848339561919e-05,0.0181818181818181,0.3678929765886287,0.0400054357567183,0.0401999806345135,0.8444444444444444,0
RANBP9,0.0004140861070897,0.0072727272727272,0.331925165962583,0.006076359427917,0.0216237446595894,0.0,0
GRIM19,0.0,0.0018181818181818,0.3150057273768614,0.0041908647688503,0.0106947502944761,0.0,0
GTFII-I,0.0003184621868408,0.02,0.3819444444444444,0.0279914135500003,0.0346175885833032,0.4909090909090909,0
HBO1,0.000242205289651,0.0072727272727272,0.2934898612593383,0.0009418160135232,0.0139793562869004,0.0,0
HERP1,0.0001668695535359,0.02,0.3424657534246575,0.0083396104443932,-0.0388003099685533,0.4181818181818181,0
HES6,6.985525941773701e-05,0.0145454545454545,0.3223915592028136,0.0045185370240491,-0.0463757719895579,0.8214285714285714,0
ID1,0.0001554546555066,0.0127272727272727,0.3382533825338253,0.0063911522940459,-0.0451691955782576,0.8095238095238095,0
ID4,5.896366462551681e-05,0.0127272727272727,0.3119682359614293,0.0033034910494654,-0.038594937853578,0.6666666666666666,0
TCF12,9.896608821043046e-05,0.009090909090909,0.3376304481276857,0.0059162204040061,-0.0310068194188597,0.8,0
HES5,0.0022058268466074,0.029090909090909,0.347661188369153,0.0079771539823703,-0.056352929486539,0.3166666666666666,0
LFNG,2.160431437831678e-05,0.0145454545454545,0.291467938526762,0.0012890724131266,-0.0265918294062717,0.6785714285714286,0
SNRPD2,0.0003724122105542,0.0036363636363636,0.2878074306645735,0.0010608055702362,0.013629756258702,0.0,0
HIP1,4.818886784441338e-05,0.0109090909090909,0.3368034292712799,0.0145300267033813,-0.0002690509305219,0.5333333333333333,0
HIVEP3,0.0080705093367756,0.0145454545454545,0.3188405797101449,0.0022223463943875,-0.0031826224070628,0.1785714285714285,0
FHL1,0.0002164359508441,0.0036363636363636,0.2804691483936767,0.0003733767250528,0.0052676557291936,0.0,0
RING1,0.0,0.0018181818181818,0.2418645558487247,5.793016180877335e-05,0.0089024659067065,0.0,0
STXBP1,0.0,0.0018181818181818,0.2418645558487247,5.793016180876397e-05,0.0089024659067065,0.0,0
HSP90A,0.0051206045411108,0.04,0.4035216434336023,0.0400812194911821,0.0850423022974819,0.2207792207792207,0
HSP90B,0.001800683528363,0.0145454545454545,0.328750747160789,0.0036148875314908,0.0333264847123916,0.1071428571428571,0
KPNA6,0.0026030470308133,0.0218181818181818,0.3573749187784275,0.0144704672875779,0.0344104926301803,0.1666666666666666,0
IDAX,0.0,0.009090909090909,0.3395061728395062,0.019408185053971,-0.0083666177838245,1.0,0
IHH,0.0109284807027696,0.0236363636363636,0.3514376996805112,0.0090466368079027,-0.0033581988339561,0.1025641025641025,0
LRP1,0.0001128167091736,0.0036363636363636,0.2626552053486151,0.0002695829864231,0.0102436621266762,0.0,0
PTCH,0.0,0.0018181818181818,0.260170293282876,0.000235819733337,0.0088849082640171,0.0,0
IKBA,0.0033453614177457,0.049090909090909,0.416036308623298,0.0644460095825289,0.1111025295278317,0.4102564102564102,0
IKBB,0.0,0.0018181818181818,0.2852697095435684,0.0010790125574996,0.0167927944379174,0.0,0
IKBE,0.0,0.0018181818181818,0.2852697095435684,0.0010790125574996,0.0167927944379174,0.0,0
IKKB,5.9953048461423015e-06,0.0145454545454545,0.3666666666666666,0.02071264383508,-0.026171736539061,0.8928571428571429,0
IKKE,0.0008191731298284,0.02,0.3599476439790576,0.0161678877403853,0.0354519476440459,0.109090909090909,0
POLR1B,0.0006162672104182,0.0054545454545454,0.2356469580119965,3.744601779883072e-05,0.0116686019431796,0.0,0
WDR12,0.0,0.0018181818181818,0.2319696330662168,3.036474734328732e-05,0.0089061371964535,0.0,0
ITRAF,0.0003333266399136,0.0163636363636363,0.3301320528211284,0.0040215384466845,-0.0328774342205634,0.3055555555555556,0
JNKK2,0.0007324140357019,0.02,0.3580729166666667,0.0127047164222027,0.0008157665430463,0.4,0
LAMR1,0.0021812277177062,0.0181818181818181,0.3746594005449591,0.0112863149219824,-0.0035292359895356,0.2444444444444444,0
KRT7,0.0037409427919034,0.0072727272727272,0.2772177419354839,0.0007347665842817,0.0201162936187892,0.1666666666666666,1
KRT17,0.0004521741449551,0.0054545454545454,0.2752752752752753,0.0006252361265848,0.0187452581857897,0.3333333333333333,0
KTN1,0.0,0.0018181818181818,0.2171338333991314,1.9153245968592022e-05,0.0112323575092917,0.0,0
SFN,0.0001347914722015,0.0036363636363636,0.2565298507462686,0.0001301322465872,0.0142742482201112,0.0,0
MAGI3,0.001017418892239,0.0109090909090909,0.3007107709130672,0.0014854318459986,0.0317423984379575,0.2666666666666666,0
NLK,0.0003050786232386,0.0054545454545454,0.2872062663185378,0.0004402395563356,0.0143645125643925,0.3333333333333333,0
MAIL,0.0034561237002588,0.0127272727272727,0.3390875462392108,0.0043669634455736,0.0317899425411952,0.3333333333333333,0
HEY1,0.0,0.0036363636363636,0.2808988764044944,0.0005964112790168,0.0004126301204106,1.0,0
MAML3,0.0004734156264586,0.0181818181818181,0.3489847715736041,0.0064687651918199,-0.0371584390833634,0.5111111111111111,0
MAP1B,0.0,0.0018181818181818,0.2736318407960199,0.0009508361998302,0.0098763800059554,0.0,0
TAB1,0.0018984871882878,0.0345454545454545,0.3590078328981723,0.0090568015595038,-0.0399813041849432,0.3216374269005848,0
MCC,5.623142467475369e-06,0.0036363636363636,0.3195816385822196,0.0025677074733787,0.0068408603771514,0.0,0
MEK1,0.0025179203354796,0.0181818181818181,0.3721244925575101,0.0149798517723287,0.0397441400102724,0.2222222222222222,0
MEK2,0.0,0.0036363636363636,0.2992383025027203,0.0010976086981386,0.0153946736641124,1.0,0
MEK3,0.0014792268363794,0.0254545454545454,0.3585397653194263,0.0074692788886937,-0.0079872562189226,0.2637362637362637,0
MEK5,0.000135628690496,0.0127272727272727,0.3359804520464264,0.0100390925289468,0.0586352899401314,0.1428571428571428,0
MEKK2,0.0,0.0018181818181818,0.2162799842705466,2.678791981894127e-05,0.0106662592414113,0.0,0
MEKK3,0.0072068869986118,0.0363636363636363,0.3822098679638638,0.0155089191016536,0.0262527059932268,0.1526315789473684,0
WNK1,0.0,0.0018181818181818,0.2766599597585513,0.0004042727971241,0.0118459987467354,0.0,0
MIG6,0.0005518501053904,0.0109090909090909,0.2720079129574678,0.0004299014217532,0.0202409208323088,0.2,0
RPL6,0.0,0.0036363636363636,0.2614068441064638,0.0002177301661749,0.0152371522989425,1.0,0
UXT,0.0,0.0036363636363636,0.2554575011611704,0.0001977551423395,0.0141899519370277,1.0,0
MIZ1,0.0018986065367175,0.0145454545454545,0.3546099290780142,0.009196725505826,-0.0069668341058998,0.1428571428571428,0
MKP1,0.000759266255637,0.0181818181818181,0.3573749187784275,0.0105082644911702,0.0386054216614955,0.1777777777777777,0
MUPP1,0.0029091409827771,0.0145454545454545,0.3363914373088685,0.007272470385527,-0.0016687466969476,0.1071428571428571,0
NCK,8.442262122313156e-05,0.0036363636363636,0.2645502645502645,0.0002730272181195,0.0123174814459526,0.0,0
NGAP,0.0003629433082683,0.0109090909090909,0.3365973072215422,0.0045293481965692,0.0081917330942828,0.1333333333333333,0
NIK,0.0026561222631824,0.0345454545454545,0.3738953093133922,0.0146525773419,0.0093201419761225,0.2105263157894736,0
DKK1,0.0,0.0018181818181818,0.2572497661365762,0.0001588206796215,0.014780767674411,0.0,1
NKIRAS2,0.0031580484142075,0.029090909090909,0.3678929765886287,0.0093802246361251,0.0174604045913308,0.1833333333333333,0
NR3C1,0.0065102381510472,0.0309090909090909,0.3897944720056697,0.0237785133499734,0.0669892194380184,0.1764705882352941,0
CALR,7.223268131071876e-05,0.0036363636363636,0.289321409784324,0.0006956862140784,0.0202509899670081,0.0,1
PSMC1,0.0014183159948859,0.0181818181818181,0.3291442250149611,0.0023140193194973,-0.0335759960224683,0.6222222222222222,0
RALGDS,0.0,0.0018181818181818,0.2864583333333333,0.0013138776554523,0.0281419821531938,0.0,0
NSMAF,0.0006363394743479,0.0109090909090909,0.3258293838862559,0.0030493905531252,-0.0088823645354213,0.3333333333333333,0
OTF1,0.0019567250039052,0.0109090909090909,0.3323262839879154,0.0034392146301651,0.0136749921342765,0.2,0
POLR2L,0.0002112043487932,0.0072727272727272,0.2729528535980149,0.0003595296859814,0.0143596468301779,0.5,0
P70S6K,0.000316642162882,0.0109090909090909,0.3370098039215686,0.0050825794429759,-0.0201611003105736,0.0666666666666666,0
P204,0.0,0.0018181818181818,0.3031973539140022,0.0040568455202432,0.0012798644807348,0.0,0
PAF53,3.134566820117345e-05,0.0036363636363636,0.2183406113537118,8.364711951302124e-06,0.0116867265437988,0.0,0
PATZ,0.0002711482431774,0.0054545454545454,0.2876569037656903,0.0008015948888712,0.0143816046505777,0.0,0
PEN2,0.0009959849714096,0.0236363636363636,0.3407682775712515,0.0046079390274482,-0.0390195260363067,0.358974358974359,0
PFDN2,2.447829074754062e-05,0.0036363636363636,0.2520623281393217,0.0001563293332114,0.0154798650812296,0.0,0
PIAS3,9.128921020247688e-06,0.0072727272727272,0.3384615384615385,0.0093271009014208,-0.0077685017965963,0.6666666666666666,0
PIAS4,0.0012805555431797,0.0127272727272727,0.3674014696058784,0.0165576239242878,0.0254074481659832,0.3333333333333333,0
PITPN,4.3179483940821045e-05,0.009090909090909,0.3150057273768614,0.0094872471423867,0.0071302057545387,0.2,0
PLCE1,0.0007895635476796,0.0145454545454545,0.3184713375796178,0.0061481095962696,0.0252970136493732,0.1785714285714285,0
PIK3C2B,2.397117151215512e-06,0.0036363636363636,0.2666020358700921,0.0010241689579413,0.013094739998346,0.0,0
PLEC1,0.0,0.0018181818181818,0.3289473684210526,0.0031731612142495,0.0027778687201674,0.0,0
PPP2R5B,0.0,0.0018181818181818,0.282051282051282,0.0013067043081726,0.015891203304993,0.0,0
KCNQ1,0.0,0.0018181818181818,0.2839442436757873,0.0006595252962139,0.0203783246066023,0.0,0
PRKAR1B,0.0,0.0018181818181818,0.2839442436757873,0.0006595252962139,0.0203783246066023,0.0,0
PYK2,0.0010282611076374,0.0145454545454545,0.3594771241830065,0.0163036217749095,0.0050841894313789,0.2142857142857142,0
RAB5,0.0008421136137129,0.0145454545454545,0.3518873960332693,0.0092397298081367,0.0304772666430447,0.0714285714285714,0
RACK1,0.0083634872078721,0.0218181818181818,0.3516624040920716,0.0210277314207617,0.0308106517364494,0.2121212121212121,0
RPS13,0.0,0.0018181818181818,0.2602934216753431,0.0005481323194045,0.0123017933210577,0.0,0
SDC2,0.0,0.0018181818181818,0.2602934216753431,0.0005481323194045,0.0123017933210577,0.0,0
RAI,0.000129358650228,0.0109090909090909,0.3463476070528967,0.0065013446482159,0.0252771898080829,0.1333333333333333,0
RAIDD,0.0001668695535359,0.02,0.3424657534246575,0.0083396104443932,-0.0388003099685533,0.4181818181818181,0
RALBP1,0.0074031702991139,0.0309090909090909,0.3718728870858688,0.0423275611330228,0.0195729380161981,0.3382352941176471,0
RALB,0.0,0.0036363636363636,0.2730883813306852,0.0013142561331019,0.0122511880979655,1.0,0
RANK,0.0067123820461173,0.0254545454545454,0.3659347970725216,0.0104078652773233,-0.0031514749299074,0.1318681318681318,0
LRP5,0.0,0.0018181818181818,0.2680311890838207,0.0002713030340912,0.008905580654422,0.0,1
RAP30,0.0007258381226565,0.009090909090909,0.2908514013749338,0.0006767521080129,0.0044384970432168,0.1,0
CDK9,0.0012139186416273,0.009090909090909,0.3020318506315211,0.0013799990778689,0.007952609303372,0.0,0
RAP74,0.0002204387368463,0.0054545454545454,0.2744510978043912,0.0003335994784313,0.0129477577787318,0.0,0
RB,0.0,0.0018181818181818,0.2858627858627858,0.0005355946261419,0.0052856663093435,0.0,0
RBPSUH,0.0124222727237238,0.04,0.3785271851342051,0.0121013218426987,-0.0363481017751287,0.2034632034632034,0
POFUT1,0.0,0.0018181818181818,0.2747252747252747,0.0003154465632441,0.0055859179698999,0.0,0
ZNF259,8.410027608197786e-05,0.0036363636363636,0.2610346464167062,0.0001231829854136,0.0116920634859856,0.0,0
REPS1,0.00037978783548,0.009090909090909,0.3084688726864834,0.0080906025231126,0.0107316614893297,0.2,0
REQ,0.0002723890716411,0.0072727272727272,0.3123225440090857,0.0019163925167712,0.0053114581862294,0.0,0
RIP2,9.936187754275758e-05,0.0127272727272727,0.3327283726557773,0.0112376604222327,0.0328597133429944,0.3333333333333333,0
RTKN,0.000588614784828,0.0181818181818181,0.3258293838862559,0.0058868781273033,0.0473045632464212,0.2222222222222222,0
RKIP,0.0054052827228224,0.02,0.3604193971166448,0.0088826596415721,0.0206441688608776,0.0545454545454545,0
SPRED1,0.0,0.0018181818181818,0.2650602409638554,0.00023154532148,0.0112851450335005,0.0,0
RPA5,0.0042960800429683,0.009090909090909,0.2663438256658595,0.0002632905945971,0.0159379209234621,0.2,0
POLR1D,0.0,0.0018181818181818,0.2104055087987758,6.863226536710485e-06,0.010814520239759,0.0,0
RSK2,0.0012064942835054,0.0072727272727272,0.3089887640449438,0.0032248492483996,0.0297235487239782,0.0,0
SAM68,0.0022247987858458,0.0272727272727272,0.3613666228646517,0.0459768573964208,-0.0213423666186325,0.580952380952381,0
SAP97,0.0005825334478391,0.009090909090909,0.3446115288220551,0.0067643227788645,-0.0075471383281325,0.0,0
SHIP,0.0072566244445842,0.029090909090909,0.36112934996717,0.0331415819885385,0.013443104859959,0.2666666666666666,0
PIK3R3,0.0,0.0018181818181818,0.2654440154440154,0.0008639054703817,0.0105650386334086,0.0,0
SHIP2,0.0021363953641444,0.0309090909090909,0.3571428571428571,0.0399187923828749,0.0149218563762025,0.3455882352941176,0
SHP2,0.002403882030094,0.0381818181818181,0.3819444444444444,0.0589406692046673,0.0620589788626787,0.4714285714285714,0
SINK,0.0008186115188856,0.0109090909090909,0.3331314354936402,0.0047809478918016,0.052930841600537,0.0,0
SMAD6,0.0006596053735708,0.009090909090909,0.30103995621237,0.0012546201110357,0.0006938124150348,0.1,0
SMRT,2.5068547986411708e-05,0.0054545454545454,0.3007107709130672,0.0011488406923794,0.0110374943146655,0.0,0
SMURF1,0.0063954796233963,0.0327272727272727,0.3759398496240601,0.0274932117795283,-0.0117376224975322,0.2222222222222222,0
ZFYVE9,0.0,0.0018181818181818,0.2733598409542743,0.0007166687475242,0.0080469658976595,0.0,0
SNX1,0.0004516607134026,0.0127272727272727,0.3335354760460885,0.0102651707277656,0.021622237700855,0.1904761904761904,0
SNX6,6.1017361463507614e-06,0.0036363636363636,0.2960172228202368,0.0038176598900376,0.0088364766283159,0.0,0
SNX4,0.0022668575097413,0.0236363636363636,0.3696236559139785,0.0387462122516758,-0.0055941776393085,0.4615384615384615,0
SODD,0.0050863870449414,0.0272727272727272,0.3483217226092464,0.0073737091816348,-0.0324618043200178,0.219047619047619,0
PPP2R2A,0.0,0.0018181818181818,0.2584586466165413,0.0001922113344263,0.005974547715411,0.0,0
STAMBPL1,0.0001093565675087,0.009090909090909,0.3481012658227848,0.0083256988436884,0.0015456996597455,0.3,0
STK36,9.061829583270212e-05,0.0036363636363636,0.2644230769230769,0.0002717923297237,0.0096801691943543,0.0,0
T2BP,0.0011245229444971,0.0163636363636363,0.3333333333333333,0.0030167076179561,-0.019984549933907,0.1666666666666666,0
TAB3,0.0007894742337317,0.0236363636363636,0.3461296412838263,0.0051339664475112,-0.0243460643076408,0.3076923076923077,0
TAK1,0.0003004577663149,0.0109090909090909,0.3188405797101449,0.0025337705565199,-0.0136396779134573,0.4,0
TGFBRAP1,0.0011013482179688,0.0163636363636363,0.352112676056338,0.0112847169887726,-0.0193272962831163,0.3888888888888889,0
TGIF,0.0,0.0018181818181818,0.2485314053321283,8.511998274775069e-05,0.0096668505665763,0.0,0
TIEG2,3.076781394803368e-05,0.0036363636363636,0.2672497570456754,0.0002588963222292,0.0134799935734014,0.0,0
TIP1,0.0001202679831644,0.0054545454545454,0.3188405797101449,0.0033527116406967,0.010875819087771,0.0,0
TIP60,0.0038677758963631,0.0218181818181818,0.3723764387271496,0.0101810994339782,0.006263454241282,0.0909090909090909,0
TNFR1,0.0053896493939482,0.0363636363636363,0.3806228373702422,0.019631327483948,-0.0488844262128494,0.2157894736842105,0
CASP10,1.6670054633816496e-06,0.0036363636363636,0.2784810126582278,0.0006757520324158,0.0023166223633134,0.0,0
TNFR2,0.0011898901409846,0.0163636363636363,0.3569110966904607,0.0086219782192405,-0.0282544460590366,0.25,0
TPL2,0.0013840031884226,0.02,0.3534704370179948,0.0068524443437302,0.01425126791619,0.2363636363636363,0
TRAILR1,0.0010320310659093,0.0163636363636363,0.3414028553693358,0.0062922164152865,-0.0201566316281443,0.1944444444444444,0
TRIP,4.624513609221562e-05,0.0072727272727272,0.3424657534246575,0.0074916536529229,0.0107953931032534,0.0,0
TRUSS,0.0056936651356021,0.0272727272727272,0.3676470588235294,0.0072398537008754,-0.0434280578554028,0.1047619047619047,0
TVL1,0.0085999642177145,0.0109090909090909,0.3285543608124253,0.0044223727042997,0.0181232804738137,0.0,0
NFYB,0.0,0.0018181818181818,0.2474134053081421,0.0001152785033808,0.0110330561947941,0.0,0
NFYC,0.0,0.0018181818181818,0.2474134053081421,0.0001152785033808,0.0110330561947941,0.0,0
UBC9,0.0001624618074017,0.0072727272727272,0.3411910669975186,0.0120499142448686,0.0279968421140829,0.3333333333333333,0
UBCH5B,0.001423196808659,0.0127272727272727,0.3378378378378378,0.0055180755257501,0.0030680661883204,0.1428571428571428,0
UBCH5C,0.0010804533569603,0.0054545454545454,0.3047091412742382,0.0022717355632387,0.0211630096997659,0.0,0
UNC5CL,3.842425434125063e-05,0.009090909090909,0.3349573690621193,0.0041546270250302,0.0362711107829104,0.6,0
USP9,0.000110954015357,0.0054545454545454,0.2950643776824034,0.0009127305933833,0.0146024921133163,0.3333333333333333,0
YES,0.0020329721423189,0.0272727272727272,0.3664223850766155,0.0443902529733187,-0.0351219849800555,0.5428571428571428,0
ZIN,0.0011182193610841,0.0054545454545454,0.3305288461538461,0.0049177274977754,0.0061265555103079,0.0,0
ZNF216,0.0001650825046699,0.009090909090909,0.3353658536585366,0.003744584423994,0.0108291963474284,0.2,0
